,updated 14/10/23,,,,,,,,,,,,,,,,,,,,,,,
,,,,,,,,,,,,,,,,,,,,,,,,
Part Type,,,,,,,,,,,,,,,,,,,,,,,,
Engine,Engine,Manufacturer,Class,Max Power,Main Thrust,Maneuver Thrust,Hull,Mass,,Health,Required Skill,Char Level,Vendors,Cost,Crew Capacity,,,,,,Thrust/Energy,Thrust/Mass,MnvThrust/Enery,MnvThrust/Mass
Engine,Amun-1,Amun Dunn,A,2,"5,660","1,550",5,100,,50,,,"Deimos, Nova, Stroud, Hope, LdgPad","4,600",0.25,,,,,,2830,56.6,775,15.5
Engine,Amun-2,Amun Dunn,A,2,"7,440","1,830",5,99,,61,,Level 8,"Deimos, Nova, Stroud, Hope, LdgPad","6,200",0.25,,,,,,3720,75.2,915,18.5
Engine,Amun-3,Amun Dunn,A,2,"9,200","1,900",5,98,,71,,Level 14,"Deimos, Nova, Stroud, Hope, LdgPad","8,300",0.25,,,,,,4600,93.9,950,19.4
Engine,Amun-4,Amun Dunn,A,2,"10,800","1,960",5,97,,79,Ship Design 1,Level 20,"Deimos, Nova, Stroud, Hope, LdgPad","10,800",0.25,,,,,,5400,111.3,980,20.2
Engine,Amun-5,Amun Dunn,A,2,"12,400","2,040",5,96,,86,Ship Design 2,Level 26,"Deimos, Nova, Stroud, Hope, LdgPad","14,300",0.25,,,,,,6200,129.2,1020,21.3
Engine,Amun-6,Amun Dunn,A,2,"14,000","2,120",5,95,,93,Ship Design 3,Level 32,"Deimos, Nova, Stroud, Hope, LdgPad","19,000",0.25,,,,,,7000,147.4,1060,22.3
Engine,Amun-7,Amun Dunn,A,2,"15,400","2,200",5,94,,97,Ship Design 3,Level 38,"Deimos, Nova, Stroud, Hope, LdgPad","24,400",0.25,,,,,,7700,163.8,1100,23.4
Engine,Ares DT10,Panoptes,A,2,"5,660","1,800",5,90,,45,,,"Deimos, Nova, Stroud, Taiyo","4,600",0.25,,,,,,2830,62.9,900,20.0
Engine,Ares DT20,Panoptes,A,2,"7,440","1,950",5,89,,55,,Level 7,"Deimos, Nova, Stroud, Taiyo","6,100",0.25,,,,,,3720,83.6,975,21.9
Engine,Ares DT30,Panoptes,A,2,"9,200","2,050",5,88,,64,,Level 12,"Deimos, Nova, Stroud, Taiyo","8,100",0.25,,,,,,4600,104.5,1025,23.3
Engine,Ares DT40,Panoptes,A,2,"10,800","2,200",5,87,,71,Ship Design 1,Level 19,"Deimos, Nova, Stroud, Taiyo","10,600",0.25,,,,,,5400,124.1,1100,25.3
Engine,Ares DT50,Panoptes,A,2,"12,400","2,430",5,86,,77,Ship Design 2,Level 24,"Deimos, Nova, Stroud, Taiyo","14,100",0.25,,,,,,6200,144.2,1215,28.3
Engine,Ares DT60,Panoptes,A,2,"14,000","2,600",5,85,,83,Ship Design 3,Level 31,"Deimos, Nova, Stroud, Taiyo","18,700",0.25,,,,,,7000,164.7,1300,30.6
Engine,SA-4110,Slayton Aerospace,A,2,"12,220","2,930",5,90,,78,Ship Design 1,Level 27,"Stroud, Hope, Taiyo","14,000",0.25,,,,,,6110,135.8,1465,32.6
Engine,SA-4220,Slayton Aerospace,A,2,"13,820","3,060",5,88,,84,Ship Design 3,Level 34,"Stroud, Hope, Taiyo","18,500",0.25,,,,,,6910,157.0,1530,34.8
Engine,SA-4330,Slayton Aerospace,A,2,"15,240","3,220",5,85,,88,Ship Design 4,Level 43,"Stroud, Hope, Taiyo","23,900",0.25,,,,,,7620,179.3,1610,37.9
Engine,White Dwarf 1000,Reladyne,A,3,"4,650","2,445",5,100,,48,,,"Deimos, Nova, Stroud, Hope, Taiyo, LdgPad","3,500",0.25,,,,,,1550,46.5,815,24.5
Engine,White Dwarf 1010,Reladyne,A,3,"7,950","2,535",5,99,,48,,,"Deimos, Nova, Stroud, Hope, Taiyo, LdgPad","4,450",0.25,,,,,,2650,80.3,845,25.6
Engine,White Dwarf 1020,Reladyne,A,3,"8,850","2,625",5,99,,48,,Level 10,"Deimos, Nova, Stroud, Hope, Taiyo, LdgPad","4,800",0.25,,,,,,2950,89.4,875,26.5
Engine,White Dwarf 2000,Reladyne,A,3,"10,500","1,785",5,98,,58,,,"Deimos, Nova, Stroud, Hope, Taiyo, LdgPad","5,550",0.25,,,,,,3500,107.1,595,18.2
Engine,White Dwarf 2010,Reladyne,A,3,"11,340","2,130",5,97,,67,,,"Deimos, Nova, Stroud, Hope, Taiyo, LdgPad","6,350",0.25,,,,,,3780,116.9,710,22.0
Engine,White Dwarf 2020,Reladyne,A,3,"12,180","2,400",5,97,,67,Ship Design 1,Level 12,"Deimos, Nova, Stroud, Hope, Taiyo, LdgPad","6,900",0.25,,,,,,4060,125.6,800,24.7
Engine,White Dwarf 2030,Reladyne,A,3,"13,020","2,700",5,97,,67,Ship Design 2,Level 24,"Deimos, Nova, Stroud, Hope, Taiyo, LdgPad","7,550",0.25,,,,,,4340,134.2,900,27.8
Engine,White Dwarf 3000,Reladyne,A,3,"15,270","2,820",5,96,,75,Ship Design 1,,"Deimos, Nova, Stroud, Hope, Taiyo, LdgPad","9,700",0.25,,,,,,5090,159.1,940,29.4
Engine,White Dwarf 3010,Reladyne,A,3,"17,670","2,940",5,95,,82,Ship Design 2,Level 24,"Deimos, Nova, Stroud, Hope, Taiyo, LdgPad","12,700",0.25,,,,,,5890,186.0,980,30.9
Engine,White Dwarf 3015,Reladyne,A,3,"20,460","3,150",5,95,,41,Ship Design 4,Level 24,"Deimos, Nova, Stroud, Hope, Taiyo, LdgPad","16,100",0.25,,,,,,6820,215.4,1050,33.2
Engine,White Dwarf 3020,Reladyne,A,3,"19,920","3,060",5,94,,88,Ship Design 2,Level 30,"Deimos, Nova, Stroud, Hope, Taiyo, LdgPad","16,600",0.25,,,,,,6640,211.9,1020,32.6
Engine,White Dwarf 3030,Reladyne,A,3,"21,930","3,210",5,93,,92,Ship Design 3,Level 36,"Deimos, Nova, Stroud, Hope, Taiyo, LdgPad","21,000",0.25,,,,,,7310,235.8,1070,34.5
Engine,Dunn-11,Amun Dunn,B,3,"14,220","3,150",5,150,,102,,Level 21,"Deimos, Nova, Stroud, Hope, LdgPad","10,200",0.25,,,,,,4740,94.8,1050,21.0
Engine,Dunn-21,Amun Dunn,B,3,"15,540","3,300",5,149,,106,Ship Design 1,Level 27,"Deimos, Nova, Stroud, Hope, LdgPad","11,800",0.25,,,,,,5180,104.3,1100,22.1
Engine,Dunn-31,Amun Dunn,B,3,"17,670","3,600",5,148,,111,Ship Design 2,Level 33,"Deimos, Nova, Stroud, Hope, LdgPad","14,700",0.25,,,,,,5890,119.4,1200,24.3
Engine,Dunn-41,Amun Dunn,B,3,"19,920","4,200",5,147,,116,Ship Design 3,Level 39,"Deimos, Nova, Stroud, Hope, LdgPad","18,900",0.25,,,,,,6640,135.5,1400,28.6
Engine,Dunn-51,Amun Dunn,B,3,"22,170","4,740",5,146,,122,Ship Design 3,Level 44,"Deimos, Nova, Stroud, Hope, LdgPad","24,600",0.25,,,,,,7390,151.8,1580,32.5
Engine,Dunn-61,Amun Dunn,B,3,"24,300","4,950",5,145,,127,Ship Design 3,Level 50,"Deimos, Nova, Stroud, Hope, LdgPad","31,400",0.25,,,,,,8100,167.6,1650,34.1
Engine,Dunn-71,Amun Dunn,B,3,"26,580","5,250",5,144,,133,Ship Design 4,Level 56,"Deimos, Nova, Stroud, Hope, LdgPad","41,200",0.25,,,,,,8860,184.6,1750,36.5
Engine,Hercules DT110,Panoptes,B,3,"14,220","3,300",5,145,,92,,Level 20,"Deimos, Nova, Stroud, Taiyo","9,700",0.25,,,,,,4740,98.1,1100,22.8
Engine,Hercules DT120,Panoptes,B,3,"15,540","4,050",5,144,,95,Ship Design 1,Level 26,"Deimos, Nova, Stroud, Taiyo","11,300",0.25,,,,,,5180,107.9,1350,28.1
Engine,Hercules DT130,Panoptes,B,3,"17,670","4,050",5,143,,99,Ship Design 2,Level 30,"Deimos, Nova, Stroud, Taiyo","14,000",0.25,,,,,,5890,123.6,1350,28.3
Engine,Hercules DT140,Panoptes,B,3,"19,920","3,150",5,142,,104,Ship Design 3,Level 38,"Deimos, Nova, Stroud, Taiyo","17,600",0.25,,,,,,6640,140.3,1050,22.2
Engine,Hercules DT150,Panoptes,B,3,"22,170","3,750",5,141,,109,Ship Design 3,Level 43,"Deimos, Nova, Stroud, Taiyo","22,900",0.25,,,,,,7390,157.2,1250,26.6
Engine,Hercules DT160,Panoptes,B,3,"24,300","4,650",5,140,,114,Ship Design 4,Level 48,"Deimos, Nova, Stroud, Taiyo","29,900",0.25,,,,,,8100,173.6,1550,33.2
Engine,Nova 1000,Reladyne,B,3,"12,870","3,375",5,145,,100,,Level 5,"Deimos, Nova, Stroud, Hope, Taiyo, LdgPad","9,150",0.25,,,,,,4290,88.8,1125,23.3
Engine,Nova 1010,Reladyne,B,3,"14,070","3,540",5,144,,105,Ship Design 1,Level 24,"Deimos, Nova, Stroud, Hope, Taiyo, LdgPad","10,500",0.25,,,,,,4690,97.7,1180,24.6
Engine,Nova 1020,Reladyne,B,2,"16,080","3,720",5,143,,110,Ship Design 2,Level 31,"Deimos, Nova, Stroud, Hope, Taiyo, LdgPad","12,800",0.25,,,,,,8040,112.4,1860,26.0
Engine,Nova 1030,Reladyne,B,3,"18,060","3,915",5,142,,115,Ship Design 3,Level 36,"Deimos, Nova, Stroud, Hope, Taiyo, LdgPad","15,700",0.25,,,,,,6020,127.2,1305,27.6
Engine,Nova 1040,Reladyne,B,3,"20,190","4,200",5,141,,121,Ship Design 3,Level 43,"Deimos, Nova, Stroud, Hope, Taiyo, LdgPad","19,900",0.25,,,,,,6730,143.2,1400,29.8
Engine,Nova 1050,Reladyne,B,3,"22,170","4,500",5,140,,126,Ship Design 4,Level 50,"Deimos, Nova, Stroud, Hope, Taiyo, LdgPad","24,900",0.25,,,,,,7390,158.4,1500,32.1
Engine,SAE-5110,Slayton Aerospace,B,3,"14,070","4,440",5,140,,92,,Level 22,"Stroud, Hope, Taiyo","10,000",0.25,,,,,,4690,100.5,1480,31.7
Engine,SAE-5220,Slayton Aerospace,B,3,"15,270","4,590",5,139,,95,Ship Design 2,Level 28,"Stroud, Hope, Taiyo","11,300",0.25,,,,,,5090,109.9,1530,33.0
Engine,SAE-5330,Slayton Aerospace,B,3,"17,670","4,830",5,138,,99,Ship Design 2,Level 34,"Stroud, Hope, Taiyo","14,400",0.25,,,,,,5890,128.0,1610,35.0
Engine,SAE-5440,Slayton Aerospace,B,3,"19,920","5,040",5,137,,104,Ship Design 3,Level 40,"Stroud, Hope, Taiyo","18,300",0.25,,,,,,6640,145.4,1680,36.8
Engine,SAE-5550,Slayton Aerospace,B,3,"22,050","5,340",5,136,,109,Ship Design 3,Level 45,"Stroud, Hope, Taiyo","23,400",0.25,,,,,,7350,162.1,1780,39.3
Engine,SAE-5660,Slayton Aerospace,B,3,"24,300","5,550",5,135,,114,Ship Design 4,Level 51,"Stroud, Hope, Taiyo","30,400",0.25,,,,,,8100,180.0,1850,41.1
Engine,X-100,Amun Dunn,C,3,"19,530","6,600",5,340,,144,Ship Design 1,Level 38,"Deimos, Stroud, Hope, LdgPad","23,300",0.25,,,,,,6510,57.4,2200,19.4
Engine,X-200,Amun Dunn,C,3,"21,240","7,200",5,338,,150,Ship Design 3,Level 48,"Deimos, Stroud, Hope, LdgPad","28,200",0.25,,,,,,7080,62.8,2400,21.3
Engine,X-300,Amun Dunn,C,3,"25,890","8,400",5,336,,156,Ship Design 4,Level 60,"Deimos, Stroud, Hope, LdgPad","45,100",0.25,,,,,,8630,77.1,2800,25.0
Engine,Poseidon DT210,Panoptes,C,4,"26,040","7,600",5,336,,129,Ship Design 1,Level 38,"Deimos, Nova, Stroud, Taiyo","20,400",0.25,,,,,,6510,77.5,1900,22.6
Engine,Poseidon DT220,Panoptes,C,4,"28,320","9,600",5,335,,135,Ship Design 3,Level 48,"Deimos, Nova, Stroud, Taiyo","25,700",0.25,,,,,,7080,84.5,2400,28.7
Engine,Poseidon DT230,Panoptes,C,4,"34,520","11,600",5,334,,140,Ship Design 4,Level 57,"Deimos, Nova, Stroud, Taiyo","42,400",0.25,,,,,,8630,103.4,2900,34.7
Engine,SAL-6110,Slayton Aerospace,C,2,"13,600","3,800",5,300,,129,Ship Design 1,Level 39,"Stroud, Hope, Taiyo","22,000",0.25,,,,,,6800,45.3,1900,12.7
Engine,SAL-6220,Slayton Aerospace,C,2,"15,760","5,800",5,330,,135,Ship Design 3,Level 50,"Stroud, Hope, Taiyo","33,600",0.25,,,,,,7880,47.8,2900,17.6
Engine,SAL-6330,Slayton Aerospace,C,2,"18,000","7,800",5,340,,140,Ship Design 4,Level 60,"Stroud, Hope, Taiyo","53,900",0.25,,,,,,9000,52.9,3900,22.9
Engine,SAL-6830,Slayton Aerospace,C,2,"18,000","8,800",5,330,,180,"Quest ""All That Money Can Buy"" peaceful",,"Stroud, Hope, Taiyo","70,000",0.25,,,,,,9000,54.5,4400,26.7
Engine,Supernova 2000,Reladyne,C,3,"17,670","6,450",5,334,,136,Ship Design 1,Level 12,"Deimos, Nova, Stroud, Hope, Taiyo, LdgPad","19,100",0.25,,,,,,5890,52.9,2150,19.3
Engine,Supernova 2100,Reladyne,C,3,"21,120","7,050",5,334,,142,Ship Design 3,Level 48,"Deimos, Nova, Stroud, Hope, Taiyo, LdgPad","26,400",0.25,,,,,,7040,63.2,2350,21.1
Engine,Supernova 2200,Reladyne,C,3,"25,770","7,650",5,333,,148,Ship Design 4,Level 57,"Deimos, Nova, Stroud, Hope, Taiyo, LdgPad","42,000",0.25,,,,,,8590,77.4,2550,23.0
,,,,,,,,,,,,,,,,,,,,,,,,
,,,,,,,,,,,,,,,,,,,,,,,,
,,,,,,,,,,,,,,,,,,,,,,,,
,,,,,,,,,,,,,,,,,,,,,,,,
,,,,,,,,,,,,,,,,,,,,,,,,
,,,,,,,,,,,,,,,,,,,,,,,,
,,,,,,,,,,,,,,,,,,,,,,,,
,,,,,,,,,,,,,,,,,,,,,,,,
,,,,,,,,,,,,,,,,,,,,,,,,
Shield Generator,Shield Generator,Manufacturer,Class,Max Power,Shield Max,Regen Rate,Hull,Mass,,,Required Skill,Char Level,Vendors,Cost,Crew Capacity,,,,,,Shield/Energy,Shield/Mass,,
Shield Generator,10S Protector,Dogstar,A,3,310,10%,5,23,,,,,"Deimos, Nova, Stroud, Hope, Taiyo, LdgPad","2,250",0.5,,,,,,103.3,13.5,,
Shield Generator,20S Protector,Dogstar,A,4,355,10%,5,24,,,,,"Deimos, Nova, Stroud, Hope, Taiyo, LdgPad","4,000",0.5,,,,,,88.8,14.8,,
Shield Generator,30S Protector,Dogstar,A,5,420,10%,5,27,,,,Level 12,"Deimos, Nova, Stroud, Hope, Taiyo, LdgPad","6,650",0.5,,,,,,84.0,15.6,,
Shield Generator,40S Protector,Dogstar,A,6,520,10%,5,30,,,Ship Design 2,Level 22,"Deimos, Nova, Stroud, Hope, Taiyo, LdgPad","10,700",0.5,,,,,,86.7,17.3,,
Shield Generator,50S Protector,Dogstar,A,7,650,10%,5,39,,,Ship Design 3,Level 35,"Deimos, Nova, Stroud, Hope, Taiyo, LdgPad","16,000",0.5,,,,,,92.9,16.7,,
Shield Generator,60S Protector,Dogstar,A,8,810,10%,5,45,,,Ship Design 4,Level 51,"Deimos, Nova, Stroud, Hope, Taiyo, LdgPad","21,200",0.5,,,,,,101.3,18.0,,
Shield Generator,Bastille S80,Nautilus,A,3,325,10%,5,22,,,,,"Stroud, Hope, Taiyo","2,700",0.5,,,,,,108.3,14.8,,
Shield Generator,Bastille S81,Nautilus,A,4,390,10%,5,27,,,,Level 9,"Stroud, Hope, Taiyo","5,050",0.5,,,,,,97.5,14.4,,
Shield Generator,Bastille S82,Nautilus,A,5,455,10%,5,30,,,Ship Design 1,Level 16,"Stroud, Hope, Taiyo","7,700",0.5,,,,,,91.0,15.2,,
Shield Generator,Bastille S83,Nautilus,A,6,600,10%,5,35,,,Ship Design 3,Level 30,"Stroud, Hope, Taiyo","13,100",0.5,,,,,,100.0,17.1,,
Shield Generator,Bastille S84,Nautilus,A,7,730,10%,5,41,,,Ship Design 4,Level 43,"Stroud, Hope, Taiyo","18,400",0.5,,,,,,104.3,17.8,,
Shield Generator,Marduk 1010-A,Protectorate Systems,A,4,405,10%,5,28,,,,Level 11,"Deimos, Nova","6,050",0.5,,,,,,101.3,14.5,,
Shield Generator,Marduk 1020-A,Protectorate Systems,A,5,485,10%,5,34,,,Ship Design 1,Level 19,"Deimos, Nova","9,400",0.5,,,,,,97.0,14.3,,
Shield Generator,Marduk 1030-A,Protectorate Systems,A,6,680,10%,5,40,,,Ship Design 3,Level 38,"Deimos, Nova","16,600",0.5,,,,,,113.3,17.0,,
Shield Generator,Marduk 1040-A,Protectorate Systems,A,7,760,10%,5,42,,,Ship Design 4,Level 46,"Deimos, Nova","19,400",0.5,,,,,,108.6,18.1,,
Shield Generator,Deflector SG-10,Sextant Shield Systems,A,3,340,10%,5,25,,,,,"Deimos, Nova, Stroud, Hope, Taiyo, LdgPad","3,300",0.5,,,,,,113.3,13.6,,
Shield Generator,Deflector SG-20,Sextant Shield Systems,A,4,375,10%,5,25,,,,Level 8,"Deimos, Nova, Stroud, Hope, Taiyo, LdgPad","4,750",0.5,,,,,,93.8,15.0,,
Shield Generator,Deflector SG-30,Sextant Shield Systems,A,5,440,10%,5,32,,,,Level 14,"Deimos, Nova, Stroud, Hope, Taiyo, LdgPad","7,350",0.5,,,,,,88.0,13.8,,
Shield Generator,Deflector SG-35,Sextant Shield Systems,A,12,685,10%,5,40,,,Ship Design 4,Level 19,"Deimos, Nova, Stroud, Hope, Taiyo, LdgPad","14,700",0.5,,,,,,57.1,17.1,,
Shield Generator,Deflector SG-40,Sextant Shield Systems,A,6,550,10%,5,37,,,Ship Design 2,Level 25,"Deimos, Nova, Stroud, Hope, Taiyo, LdgPad","11,900",0.5,,,,,,91.7,14.9,,
Shield Generator,Deflector SG-50,Sextant Shield Systems,A,7,715,10%,5,40,,,Ship Design 3,Level 41,"Deimos, Nova, Stroud, Hope, Taiyo, LdgPad","18,200",0.5,,,,,,102.1,17.9,,
Shield Generator,Deflector SG-60,Sextant Shield Systems,A,9,860,10%,5,48,,,Ship Design 4,Level 56,"Deimos, Nova, Stroud, Hope, Taiyo, LdgPad","23,000",0.5,,,,,,95.6,17.9,,
Shield Generator,11T Defender,Dogstar,B,5,505,7%,5,49,,,,Level 5,"Deimos, Nova, Stroud, Hope, Taiyo, LdgPad","13,500",0.5,,,,,,101.0,10.3,,
Shield Generator,22T Defender,Dogstar,B,6,610,7%,5,57,,,,Level 19,"Deimos, Nova, Stroud, Hope, Taiyo, LdgPad","18,000",0.5,,,,,,101.7,10.7,,
Shield Generator,28T Defender,Dogstar,B,12,1500,7%,5,90,,,Ship Design 4,Level 24,"Deimos, Nova, Stroud, Hope, Taiyo, LdgPad","40,600",0.5,,,,,,125.0,16.7,,
Shield Generator,33T Defender,Dogstar,B,9,890,7%,5,65,,,Ship Design 3,Level 41,"Deimos, Nova, Stroud, Hope, Taiyo, LdgPad","28,000",0.5,,,,,,98.9,13.7,,
Shield Generator,44T Defender,Dogstar,B,9,1035,7%,5,69,,,Ship Design 4,Level 52,"Deimos, Nova, Stroud, Hope, Taiyo, LdgPad","33,900",0.5,,,,,,115.0,15.0,,
Shield Generator,Tower N400,Nautilus,B,5,545,7%,5,52,,,,Level 14,"Stroud, Hope, Taiyo","14,700",0.5,,,,,,109.0,10.5,,
Shield Generator,Tower N410,Nautilus,B,7,730,7%,5,60,,,Ship Design 2,Level 28,"Stroud, Hope, Taiyo","21,600",0.5,,,,,,104.3,12.2,,
Shield Generator,Tower N420,Nautilus,B,8,975,7%,5,69,,,Ship Design 4,Level 48,"Stroud, Hope, Taiyo","30,500",0.5,,,,,,121.9,14.1,,
Shield Generator,Osiris 2020-B,Protectorate Systems,B,6,570,7%,5,52,,,,Level 16,"Deimos, Nova","13,900",0.5,,,,,,95.0,11.0,,
Shield Generator,Osiris 2030-B,Protectorate Systems,B,8,830,7%,5,60,,,Ship Design 3,Level 36,"Deimos, Nova","22,900",0.5,,,,,,103.8,13.8,,
Shield Generator,Osiris 2040-B,Protectorate Systems,B,8,995,7%,5,75,,,Ship Design 4,Level 50,"Deimos, Nova","29,100",0.5,,,,,,124.4,13.3,,
Shield Generator,Vanguard Bulwark,Vanguard,B,12,1450,6%,5,70,,,Vanguard Faction,,"Deimos, Nova, Stroud, Hope, Taiyo, LdgPad","40,500",0.5,,,,,,120.8,20.7,,
Shield Generator,Warden SG-100,Sextant Shield Systems,B,5,525,7%,5,46,,,,Level 12,"Deimos, Nova, Stroud, Hope, Taiyo, LdgPad","14,500",0.5,,,,,,105.0,11.4,,
Shield Generator,Warden SG-200,Sextant Shield Systems,B,6,690,7%,5,54,,,Ship Design 1,Level 25,"Deimos, Nova, Stroud, Hope, Taiyo, LdgPad","20,900",0.5,,,,,,115.0,12.8,,
Shield Generator,Warden SG-300,Sextant Shield Systems,B,8,930,7%,5,62,,,Ship Design 3,Level 44,"Deimos, Nova, Stroud, Hope, Taiyo, LdgPad","29,600",0.5,,,,,,116.3,15.0,,
Shield Generator,Warden SG-400,Sextant Shield Systems,B,10,1125,7%,5,71,,,Ship Design 4,Level 60,"Deimos, Nova, Stroud, Hope, Taiyo, LdgPad","37,200",0.5,,,,,,112.5,15.8,,
Shield Generator,101D Guardian,Dogstar,C,6,680,5%,5,85,,,,Level 10,"Deimos, Nova, Stroud, Hope, Taiyo, LdgPad","25,100",0.5,,,,,,113.3,8.0,,
Shield Generator,102D Guardian,Dogstar,C,8,850,5%,5,91,,,Ship Design 1,Level 27,"Deimos, Nova, Stroud, Hope, Taiyo, LdgPad","32,100",0.5,,,,,,106.3,9.3,,
Shield Generator,103D Guardian,Dogstar,C,10,1095,5%,5,115,,,Ship Design 3,Level 43,"Deimos, Nova, Stroud, Hope, Taiyo, LdgPad","41,500",0.5,,,,,,109.5,9.5,,
Shield Generator,104D Guardian,Dogstar,C,12,1350,5%,5,129,,,Ship Design 4,Level 60,"Deimos, Nova, Stroud, Hope, Taiyo, LdgPad","49,100",0.5,,,,,,112.5,10.5,,
Shield Generator,Fortress A1,Nautilus,C,6,705,5%,5,81,,,,Level 17,"Stroud, Hope, Taiyo","25,800",0.5,,,,,,117.5,8.7,,
Shield Generator,Fortress A2,Nautilus,C,9,900,5%,5,102,,,Ship Design 1,Level 30,"Stroud, Hope, Taiyo","33,600",0.5,,,,,,100.0,8.8,,
Shield Generator,Fortress A3,Nautilus,C,11,1215,5%,5,122,,,Ship Design 4,Level 51,"Stroud, Hope, Taiyo","45,100",0.5,,,,,,110.5,10.0,,
Shield Generator,Assurance SG-1000,Sextant Shield Systems,C,7,730,5%,5,90,,,,Level 19,"Deimos, Nova, Stroud, Hope, Taiyo, LdgPad","27,300",0.5,,,,,,104.3,8.1,,
Shield Generator,Assurance SG-1800,Sextant Shield Systems,C,12,1600,5%,5,160,,,Ship Design 4,Level 27,"Deimos, Nova, Stroud, Hope, Taiyo, LdgPad","47,400",0.5,,,,,,133.3,10.0,,
Shield Generator,Assurance SG-2000,Sextant Shield Systems,C,10,975,5%,5,109,,,Ship Design 2,Level 35,"Deimos, Nova, Stroud, Hope, Taiyo, LdgPad","36,600",0.5,,,,,,97.5,8.9,,
Shield Generator,Assurance SG-3000,Sextant Shield Systems,C,10,1190,5%,5,115,,,Ship Design 3,Level 49,"Deimos, Nova, Stroud, Hope, Taiyo, LdgPad","45,200",0.5,,,,,,119.0,10.3,,
Shield Generator,Odin 3030-C,Protectorate Systems,C,8,805,5%,5,96,,,,Level 24,"Deimos, Nova","26,400",0.5,,,,,,100.6,8.4,,
Shield Generator,Odin 3040-C,Protectorate Systems,C,9,995,5%,5,103,,,Ship Design 2,Level 36,"Deimos, Nova","33,800",0.5,,,,,,110.6,9.7,,
Shield Generator,Odin 3050-C,Protectorate Systems,C,11,1315,5%,5,116,,,Ship Design 4,Level 57,"Deimos, Nova","45,300",0.5,,,,,,119.5,11.3,,
,,,,,,,,,,,,,,,,,,,,,,,,
,,,,,,,,,,,,,,,,,,,,,,,,
,,,,,,,,,,,,,,,,,,,,,,,,
,,,,,,,,,,,,,,,,,,,,,,,,
,,,,,,,,,,,,,,,,,,,,,,,,
,,,,,,,,,,,,,,,,,,,,,,,,
,,,,,,,,,,,,,,,,,,,,,,,,
Reactor,Reactor,Manufacturer,Class,Power Generated,Repair Rate,Health,Hull,Mass,,,Required Skill,Char Level,Vendors,Cost,Crew Capacity,,,,,,Energy/Mass,,,
Reactor,330T Stellarator,Amun Dunn,A,14,1.14,23,310,23,,,,,"Deimos, Nova, Hope, Taiyo, LdgPad","4,250",1,,,,,,0.609,,,
Reactor,340T Stellarator,Amun Dunn,A,16,1.25,25,375,25,,,,,"Deimos, Nova, Hope, Taiyo, LdgPad","8,850",1,,,,,,0.640,,,
Reactor,350T Stellarator,Amun Dunn,A,18,1.39,28,405,28,,,,Level 11,"Deimos, Nova, Hope, Taiyo, LdgPad","13,700",1,,,,,,0.643,,,
Reactor,360T Stellarator,Amun Dunn,A,20,1.6,32,440,32,,,,Level 14,"Deimos, Nova, Hope, Taiyo, LdgPad","18,800",1,,,,,,0.625,,,
Reactor,370T Stellarator,Amun Dunn,A,23,1.85,37,550,37,,,Ship Design 2,Level 25,"Deimos, Nova, Hope, Taiyo, LdgPad","26,300",1,,,,,,0.622,,,
Reactor,380T Stellarator,Amun Dunn,A,26,2.09,42,715,40,,,Ship Design 4,Level 41,"Deimos, Nova, Hope, Taiyo, LdgPad","33,700",1,,,,,,0.650,,,
Reactor,Spheromak DC201,Deep Core,A,28,1.95,39,680,39,,,Ship Design 2,Level 38,"Deimos, Nova, Stroud, Taiyo","36,900",1,,,,,,0.718,,,
Reactor,Spheromak DC202,Deep Core,A,33,2.25,45,730,45,,,Ship Design 4,Level 43,"Deimos, Nova, Stroud, Taiyo","48,700",1,,,,,,0.733,,,
Reactor,114MM Toroidal,Dogstar,A,16,1.1,22,325,22,,,,,"Deimos, Nova, Stroud, Hope, LdgPad","8,050",1,,,,,,0.727,,,
Reactor,124MM Toroidal,Dogstar,A,18,1.2,24,355,24,,,,Level 6,"Deimos, Nova, Stroud, Hope, LdgPad","12,700",1,,,,,,0.750,,,
Reactor,134MM Toroidal,Dogstar,A,20,1.35,27,420,27,,,,Level 12,"Deimos, Nova, Stroud, Hope, LdgPad","17,500",1,,,,,,0.741,,,
Reactor,144MM Toroidal,Dogstar,A,23,1.5,30,520,30,,,Ship Design 2,Level 22,"Deimos, Nova, Stroud, Hope, LdgPad","24,400",1,,,,,,0.767,,,
Reactor,154MM Toroidal,Dogstar,A,26,1.75,35,600,35,,,Ship Design 3,Level 30,"Deimos, Nova, Stroud, Hope, LdgPad","31,800",1,,,,,,0.743,,,
Reactor,164MM Toroidal,Dogstar,A,29,2,40,760,42,,,Ship Design 4,Level 46,"Deimos, Nova, Stroud, Hope, LdgPad","39,200",1,,,,,,0.690,,,
Reactor,Tokamak X-050,Xiang,A,16,1.25,25,340,25,,,,,"Stroud, Hope, Taiyo","8,850",1,,,,,,0.640,,,
Reactor,Tokamak X-100,Xiang,A,18,1.35,27,390,27,,,,Level 9,"Stroud, Hope, Taiyo","13,400",1,,,,,,0.667,,,
Reactor,Tokamak X-120S,Xiang,A,28,1.5,30,480,30,,,Ship Design 4,Level 12,"Stroud, Hope, Taiyo","34,500",1,,,,,,0.933,,,
Reactor,Tokamak X-150,Xiang,A,20,1.5,30,455,30,,,Ship Design 1,,"Stroud, Hope, Taiyo","18,300",1,,,,,,0.667,,,
Reactor,Tokamak X-200,Xiang,A,23,1.7,34,485,34,,,Ship Design 1,Level 19,"Stroud, Hope, Taiyo","25,500",1,,,,,,0.676,,,
Reactor,Tokamak X-250,Xiang,A,26,1.95,39,650,39,,,Ship Design 3,Level 35,"Stroud, Hope, Taiyo","32,900",1,,,,,,0.667,,,
Reactor,Tokamak X-300,Xiang,A,29,2.25,45,820,45,,,Ship Design 4,Level 51,"Stroud, Hope, Taiyo","40,600",1,,,,,,0.644,,,
Reactor,Z-Machine 1000,Amun Dunn,B,14,2.45,49,505,49,,,,,"Deimos, Nova, Hope, Taiyo, LdgPad","11,200",2,,,,,,0.286,,,
Reactor,Z-Machine 2020,Amun Dunn,B,16,2.84,57,1100,57,,,Ship Design 4,Level 24,"Deimos, Nova, Hope, Taiyo, LdgPad","17,400",2,,,,,,0.281,,,
Reactor,Z-Machine 2000,Amun Dunn,B,21,2.84,57,610,57,,,,Level 19,"Deimos, Nova, Hope, Taiyo, LdgPad","27,500",2,,,,,,0.368,,,
Reactor,Z-Machine 3000,Amun Dunn,B,28,3.25,65,890,65,,,Ship Design 3,Level 41,"Deimos, Nova, Hope, Taiyo, LdgPad","43,800",2,,,,,,0.431,,,
Reactor,Z-Machine 4000,Amun Dunn,B,35,3.75,75,995,75,,,Ship Design 4,Level 49,"Deimos, Nova, Hope, Taiyo, LdgPad","60,700",2,,,,,,0.467,,,
Reactor,DC301 Fast Ignition,Deep Core,B,18,2.59,52,570,52,,,,Level 16,"Deimos, Nova, Stroud, Taiyo","20,100",2,,,,,,0.346,,,
Reactor,DC302 Fast Ignition,Deep Core,B,27,3,60,830,60,,,Ship Design 3,Level 36,"Deimos, Nova, Stroud, Taiyo","40,500",2,,,,,,0.450,,,
Reactor,DC303 Fast Ignition,Deep Core,B,35,3.45,69,1035,69,,,Ship Design 4,Level 52,"Deimos, Nova, Stroud, Taiyo","59,100",2,,,,,,0.507,,,
Reactor,101DS Mag Inertial,Dogstar,B,16,2.29,46,525,46,,,,Level 12,"Deimos, Nova, Stroud, Hope, LdgPad","14,400",2,,,,,,0.348,,,
Reactor,102DS Mag Inertial,Dogstar,B,24,2.7,54,690,54,,,Ship Design 1,Level 25,"Deimos, Nova, Stroud, Hope, LdgPad","32,800",2,,,,,,0.444,,,
Reactor,103DS Mag Inertial,Dogstar,B,31,3.09,62,930,62,,,Ship Design 3,Level 44,"Deimos, Nova, Stroud, Hope, LdgPad","49,100",2,,,,,,0.500,,,
Reactor,104DS Mag Inertial,Dogstar,B,39,3.54,71,1125,71,,,Ship Design 4,Level 60,"Deimos, Nova, Stroud, Hope, LdgPad","67,800",2,,,,,,0.549,,,
Reactor,Ion Beam H-1010,Xiang,B,16,2.59,52,545,52,,,,Level 14,"Stroud, Hope, Taiyo","16,000",2,,,,,,0.308,,,
Reactor,Ion Beam H-1020,Xiang,B,24,3,60,730,60,,,Ship Design 2,Level 28,"Stroud, Hope, Taiyo","34,400",2,,,,,,0.400,,,
Reactor,Ion Beam H-1030,Xiang,B,31,3.45,69,975,69,,,Ship Design 4,Level 48,"Stroud, Hope, Taiyo","51,000",2,,,,,,0.449,,,
Reactor,Theta Pinch A9,Amun Dunn,C,18,4.25,85,680,85,,,,Level 10,"Deimos, Nova, Hope, Taiyo, LdgPad","38,900",3,,,,,,0.212,,,
Reactor,Theta Pinch B9,Amun Dunn,C,24,4.8,96,805,96,,,,Level 20,"Deimos, Nova, Hope, Taiyo, LdgPad","44,000",3,,,,,,0.250,,,
Reactor,Theta Pinch C9,Amun Dunn,C,30,5.44,109,975,109,,,Ship Design 2,Level 35,"Deimos, Nova, Hope, Taiyo, LdgPad","59,600",3,,,,,,0.275,,,
Reactor,Theta Pinch D9,Amun Dunn,C,37,6.09,122,1215,122,,,Ship Design 4,Level 51,"Deimos, Nova, Hope, Taiyo, LdgPad","77,300",3,,,,,,0.303,,,
Reactor,SF10 Sheared Flow,Dogstar,C,20,4.05,81,705,81,,,,Level 17,"Deimos, Nova, Stroud, Hope, LdgPad","31,900",3,,,,,,0.247,,,
Reactor,SF20 Sheared Flow,Dogstar,C,27,4.55,91,850,91,,,Ship Design 1,Level 27,"Deimos, Nova, Stroud, Hope, LdgPad","48,700",3,,,,,,0.297,,,
Reactor,SF30 Sheared Flow,Dogstar,C,34,5.15,103,995,103,,,Ship Design 2,Level 36,"Deimos, Nova, Stroud, Hope, LdgPad","66,100",3,,,,,,0.330,,,
Reactor,SF40 Sheared Flow,Dogstar,C,40,5.8,116,1315,116,,,Ship Design 4,Level 57,"Deimos, Nova, Stroud, Hope, LdgPad","81,700",3,,,,,,0.345,,,
Reactor,Pinch 5Z,Xiang,C,20,4.5,90,730,90,,,,Level 19,"Stroud, Hope, Taiyo","34,200",3,,,,,,0.222,,,
Reactor,Pinch 6Z,Xiang,C,27,5.09,102,900,102,,,Ship Design 1,Level 30,"Stroud, Hope, Taiyo","51,600",3,,,,,,0.265,,,
Reactor,Pinch 8A,Xiang,C,36,5.75,122,1950,135,,,Ship Design 4,Level 52,"Stroud, Hope, Taiyo","75,200",3,,,,,,0.267,,,
Reactor,Pinch 7Z,Xiang,C,32,5.75,115,1095,115,,,Ship Design 3,Level 43,"Stroud, Hope, Taiyo","65,200",3,,,,,,0.278,,,
Reactor,Pinch 8Z,Xiang,C,40,6.44,129,1350,129,,,Ship Design 4,Level 60,"Stroud, Hope, Taiyo","85,200",3,,,,,,0.310,,,
Reactor,Fusor DC401,Deep Core,C,29,4.5,90,755,90,,,,Level 20,"Deimos, Nova, Stroud, Taiyo","52,500",3,,,,,,0.322,,,
Reactor,Fusor DC402,Deep Core,C,34,5.09,102,1020,102,,,Ship Design 2,Level 38,"Deimos, Nova, Stroud, Taiyo","65,800",3,,,,,,0.333,,,
Reactor,Fusor DC403,Deep Core,C,38,5.75,115,1190,115,,,Ship Design 3,Level 49,"Deimos, Nova, Stroud, Taiyo","77,400",3,,,,,,0.330,,,
,,,,,,,,,,,,,,,,,,,,,,,,
,,,,,,,,,,,,,,,,,,,,,,,,
,,,,,,,,,,,,,,,,,,,,,,,,
,,,,,,,,,,,,,,,,,,,,,,,,
,,,,,,,,,,,,,,,,,,,,,,,,
,,,,,,,,,,,,,,,,,,,,,,,,
,,,,,,,,,,,,,,,,,,,,,,,,
Weapon,Weapon,Manufacturer,Class,Max Power,Range,Hull DPS,Shield DPS,EM DPS,,Weapon Type,Required Skill,Char Level,Vendors,Cost,Fire Rate,Hull,Mass,Hull Dmg,Shield Dmg,EM Dmg,Max Hull DPS,Max Shield DPS,Max EM DPS,
Weapon,Dangan Pb Cannon,Shinigami,A,3,"1,000",52.4,17.5,0.0,,Ballistic,,Level 6,"Stroud, Hope, Taiyo","4,300",3.49,1,1,15,5,0,209.4,69.8,0,
Weapon,Dangan Pb RF Autocannon,Shinigami,A,3,"1,000",66.5,20.0,0.0,,Ballistic,,Level 11,"Stroud, Hope, Taiyo","10,200",6.65,1,1,10,3,0,266,79.8,0,
Weapon,Dangan W Cannon,Shinigami,A,3,"1,000",76.8,24.4,0.0,,Ballistic,Ship Design 2,Level 25,"Stroud, Hope, Taiyo","14,500",3.49,1,1,22,7,0,307.12,97.72,0,
Weapon,Dangan W RF Autocannon,Shinigami,A,3,"1,000",146.3,46.6,0.0,,Ballistic,Ship Design 3,Level 36,"Stroud, Hope, Taiyo","29,600",6.65,1,1,22,7,0,585.2,186.2,0,
Weapon,KE-20 Cannon,Ballistic Solutions Inc.,A,3,800,59.3,17.5,0.0,,Ballistic,,Level 11,"Deimos, Nova, Stroud, Hope, Taiyo, LdgPad","7,225",3.49,1,1,17,5,0,237.32,69.8,0,
Weapon,KE-20A Autocannon,Ballistic Solutions Inc.,A,3,800,79.8,26.6,0.0,,Ballistic,Ship Design 1,Level 19,"Deimos, Nova, Stroud, Hope, Taiyo, LdgPad","15,700",6.65,1,1,12,4,0,319.2,106.4,0,
Weapon,KE-31 Cannon,Ballistic Solutions Inc.,A,4,"1,250",94.2,27.9,0.0,,Ballistic,Ship Design 3,Level 36,"Deimos, Nova, Stroud, Hope, Taiyo, LdgPad","21,800",3.49,2,1,27,8,0,282.69,83.76,0,
Weapon,KE-31A Autocannon,Ballistic Solutions Inc.,A,4,"1,250",126.4,39.9,0.0,,Ballistic,Ship Design 4,Level 46,"Deimos, Nova, Stroud, Hope, Taiyo, LdgPad","35,200",6.65,2,1,19,6,0,379.05,119.7,0,
Weapon,Mauler 104L Cannon,Horizon Defense,A,4,800,45.4,14.0,0.0,,Ballistic,,,"Deimos, Nova, Stroud, Hope, Taiyo, LdgPad","1,375",3.49,1,1,13,4,0,136.11,41.88,0,
Weapon,Mauler 104L Autocannon,Horizon Defense,A,4,800,59.9,20.0,0.0,,Ballistic,,,"Deimos, Nova, Stroud, Hope, Taiyo, LdgPad","7,400",6.65,1,1,9,3,0,179.55,59.85,0,
Weapon,Mauler 105U Cannon,Horizon Defense,A,4,800,45.4,14.0,0.0,,Ballistic,,Level 19,"Deimos, Nova","1,375",3.49,1,1,13,4,0,136.11,41.88,0,
Weapon,Mauler 105U Autocannon,Horizon Defense,A,4,800,93.1,26.6,0.0,,Ballistic,Ship Design 2,Level 25,"Deimos, Nova","21,300",6.65,1,1,14,4,0,279.3,79.8,0,
Weapon,EMP-80 Suppressor,Ballistic Solutions Inc.,A,4,800,54.0,7.5,36.0,,Electromagnetic,,Level 6,"Deimos, Nova","4,650",1.5,1,1,36,5,24,162,22.5,108,
Weapon,EMP-200 Suppressor,Ballistic Solutions Inc.,A,4,800,54.0,7.5,63.0,,Electromagnetic,Ship Design 3,Level 30,"Deimos, Nova","30,500",1.5,2,2,36,5,42,162,22.5,189,
Weapon,Spark 750 Supressor,Light Scythe,A,3,"1,000",1.5,1.5,45.0,,Electromagnetic,,Level 12,"Deimos, Nova, Stroud, Hope, Taiyo, LdgPad","13,300",1.5,1,1,1,1,30,6,6,180,
Weapon,Nullifier 1750 Suppressor,Light Scythe,A,3,800,1.5,1.5,72.0,,Electromagnetic,Ship Design 3,Level 38,"Deimos, Nova, Stroud, Hope, Taiyo, LdgPad","39,100",1.5,1,2,1,1,48,6,6,288,
Weapon,Dragon 221 MW Laser,Horizon Defense,A,3,"1,000",14.0,41.9,0.0,,Energy,,,"Deimos, Nova","1,500",3.49,1,1,4,12,0,55.84,167.52,0,
Weapon,Dragon 221P MW Pulse Laser,Horizon Defense,A,3,"1,000",20.0,59.9,0.0,,Energy,,,"Deimos, Nova","7,975",6.65,1,1,3,9,0,79.8,239.4,0,
Weapon,Dragon 231 IR Laser,Horizon Defense,A,3,"1,000",20.9,66.3,0.0,,Energy,Ship Design 1,,"Deimos, Nova","9,075",3.49,1,1,6,19,0,83.76,265.24,0,
Weapon,Dragon 231P IR Pulse Laser,Horizon Defense,A,3,"1,000",26.6,86.5,0.0,,Energy,Ship Design 2,Level 24,"Deimos, Nova","15,200",6.65,1,1,4,13,0,106.4,345.8,0,
Weapon,Supaku 110GC Suppressor,Shinigami,A,6,800,1.5,1.5,54.0,,Electromagnetic,Ship Design 1,Level 19,"Stroud, Hope, Taiyo","21,900",1.5,1,1,1,1,36,3,3,108,
Weapon,Supaku 250GC Suppressor,Shinigami,A,6,800,1.5,1.5,81.0,,Electromagnetic,Ship Design 4,Level 51,"Stroud, Hope, Taiyo","47,800",1.5,2,2,1,1,54,3,3,162,
Weapon,Flare 15MW IR Laser,Light Scythe,A,3,"1,250",14.0,48.9,0.0,,Energy,,,"Deimos, Nova, Stroud, Hope, Taiyo, LdgPad","1,500",3.49,1,1,4,14,0,55.84,195.44,0,
Weapon,Flare-P 15MW IR Pulse Laser,Light Scythe,A,3,"1,250",20.0,66.5,0.0,,Energy,,Level 9,"Deimos, Nova, Stroud, Hope, Taiyo, LdgPad","7,975",6.65,1,1,3,10,0,79.8,266,0,
Weapon,Singe 4MW Laser,Light Scythe,A,4,"1,250",24.4,76.8,0.0,,Energy,Ship Design 2,Level 24,"Deimos, Nova, Stroud, Hope, Taiyo, LdgPad","12,800",3.49,1,1,7,22,0,73.29,230.34,0,
Weapon,Singe-P 4MW Pulse Laser,Light Scythe,A,4,"1,250",33.3,106.4,0.0,,Energy,Ship Design 3,Level 35,"Deimos, Nova, Stroud, Hope, Taiyo, LdgPad","22,400",6.65,1,1,5,16,0,99.75,319.2,0,
Weapon,Reza 45 GHz MW Laser,Shinigami,A,4,800,17.5,55.8,0.0,,Energy,,,"Stroud, Hope, Taiyo","5,275",3.49,1,1,5,16,0,52.35,167.52,0,
Weapon,Reza 45 GHz MW Pulse Laser,Shinigami,A,4,800,20.0,73.2,0.0,,Energy,Ship Design 1,Level 6,"Stroud, Hope, Taiyo","7,975",6.65,1,1,3,11,0,59.85,219.45,0,
Weapon,Reza 30 THz IR Laser,Shinigami,A,4,800,27.9,90.7,0.0,,Energy,Ship Design 3,Level 35,"Stroud, Hope, Taiyo","16,600",3.49,1,1,8,26,0,83.76,272.22,0,
Weapon,Reza 30 THz IR Pulse Laser,Shinigami,A,4,800,39.9,126.4,0.0,,Energy,Ship Design 4,Level 46,"Stroud, Hope, Taiyo","29,600",6.65,1,1,6,19,0,119.7,379.05,0,
Weapon,Atlatl 270A Missile Launcher,Light Scythe,A,3,"4,000",47.0,47.0,0.0,,Missile,,,"Deimos, Nova, Stroud, Hope, Taiyo, LdgPad","3,900",1,1,2,47,47,0,188,188,0,
Weapon,Atlatl 280A Missile Launcher,Light Scythe,A,3,"4,000",82.0,82.0,0.0,,Missile,Ship Design 2,Level 25,"Deimos, Nova, Stroud, Hope, Taiyo, LdgPad","10,900",1,3,3,82,82,0,328,328,0,
Weapon,CE-09 Missile Launcher,Ballistic Solutions Inc.,A,3,"4,000",36.0,36.0,0.0,,Missile,,,"Deimos, Nova, Stroud, Hope, Taiyo, LdgPad","1,700",1,1,1,36,36,0,144,144,0,
Weapon,CE-19 Missile Launcher,Ballistic Solutions Inc.,A,3,"4,000",77.0,77.0,0.0,,Missile,Ship Design 3,Level 35,"Deimos, Nova, Stroud, Hope, Taiyo, LdgPad","9,925",1,2,1,77,77,0,308,308,0,
Weapon,Vanguard Tempest CE-13 Missile Launcher,Vanguard,A,6,"4,000",49.5,45.0,0.0,,Missile,Vanguard Faction,,"Deimos, Nova, Stroud, Hope, Taiyo, LdgPad","1,500",1.5,1,1,33,30,0,99,90,0,
Weapon,Infiltrator SC-01 Missile Launcher,Horizon Defense,A,3,"3,750",40.0,41.0,0.0,,Missile,Ship Design 1,,"Deimos, Nova","2,500",1,1,3,40,41,0,160,164,0,
Weapon,Infiltrator SC-02 Missile Launcher,Horizon Defense,A,3,"3,750",65.0,65.0,0.0,,Missile,Ship Design 4,Level 51,"Deimos, Nova","7,525",1,3,3,65,65,0,260,260,0,
Weapon,Disruptor 3300 Electron Beam,Horizon Defense,A,3,"3,500",41.9,41.9,0.0,,Particle Beam,,,"Deimos, Nova","2,250",3.49,2,1,12,12,0,167.52,167.52,0,
Weapon,Disruptor 3300A Auto Electron Beam,Horizon Defense,A,3,"3,500",53.2,53.2,0.0,,Particle Beam,,Level 8,"Deimos, Nova","6,500",6.65,2,1,8,8,0,212.8,212.8,0,
Weapon,Disruptor 3310 Proton Beam,Horizon Defense,A,3,"3,500",62.8,62.8,0.0,,Particle Beam,Ship Design 1,Level 20,"Deimos, Nova","10,200",3.49,3,2,18,18,0,251.28,251.28,0,
Weapon,Disruptor 3310A Auto Proton Beam,Horizon Defense,A,4,"3,500",86.5,86.5,0.0,,Particle Beam,Ship Design 3,Level 30,"Deimos, Nova","19,100",6.65,3,2,13,13,0,259.35,259.35,0,
Weapon,Tsukisasu 13K Missile Launcher,Shinigami,A,3,"4,250",38.0,38.0,0.0,,Missile,,Level 11,"Stroud, Hope, Taiyo","2,100",1,3,1,38,38,0,152,152,0,
Weapon,Tsukisasu 19K Missile Launcher,Shinigami,A,4,"4,250",78.0,78.0,0.0,,Missile,Ship Design 4,Level 41,"Stroud, Hope, Taiyo","10,100",1,3,2,78,78,0,234,234,0,
Weapon,PB-30 Electron Beam,Ballistic Solutions Inc.,A,3,"3,000",45.4,45.4,0.0,,Particle Beam,,Level 8,"Deimos, Nova, Stroud, Hope, Taiyo, LdgPad","3,575",3.49,1,1,13,13,0,181.48,181.48,0,
Weapon,PB0-30 Auto Electron Beam,Ballistic Solutions Inc.,A,3,"3,000",59.9,59.9,0.0,,Particle Beam,,Level 12,"Deimos, Nova, Stroud, Hope, Taiyo, LdgPad","9,025",6.65,1,1,9,9,0,239.4,239.4,0,
Weapon,PB0-40 Auto Electron Beam,Ballistic Solutions Inc.,A,4,"3,000",93.1,93.1,0.0,,Particle Beam,Ship Design 4,Level 16,"Deimos, Nova, Stroud, Hope, Taiyo, LdgPad","21,600",6.65,1,1,14,14,0,279.3,279.3,0,
Weapon,PB-50 Proton Beam,Ballistic Solutions Inc.,A,4,"3,000",73.3,73.3,0.0,,Particle Beam,,Level 30,"Deimos, Nova, Stroud, Hope, Taiyo, LdgPad","14,200",3.49,2,3,21,21,0,219.87,219.87,0,
Weapon,PB0-50 Auto Proton Beam,Ballistic Solutions Inc.,A,4,"3,000",99.8,99.8,0.0,,Particle Beam,Ship Design 3,Level 38,"Deimos, Nova, Stroud, Hope, Taiyo, LdgPad","24,100",6.65,2,3,15,15,0,299.25,299.25,0,
Weapon,Ravager 20MeV Electron Beam,Light Scythe,A,4,"3,250",52.4,52.4,0.0,,Particle Beam,,Level 12,"Stroud, Hope, Taiyo","6,225",3.49,1,2,15,15,0,157.05,157.05,0,
Weapon,Ravager 20MeV Auto Electron Beam,Light Scythe,A,4,"3,250",73.2,73.2,0.0,,Particle Beam,Ship Design 1,Level 16,"Stroud, Hope, Taiyo","14,100",6.65,1,2,11,11,0,219.45,219.45,0,
Weapon,Vanguard Obliterator Autoprojector,Vanguard,A,2,"3,000",73.2,73.2,0.0,,Particle Beam,Vanguard Faction,,"Deimos, Nova, Stroud, Hope, Taiyo, LdgPad","14,100",6.65,1,1,11,11,0,438.9,438.9,0,
Weapon,Vaporizer 35MeV Proton Beam,Light Scythe,A,4,"3,250",83.8,83.8,0.0,,Particle Beam,Ship Design 3,Level 38,"Stroud, Hope, Taiyo","18,100",3.49,2,3,24,24,0,251.28,251.28,0,
Weapon,Vaporizer 35MeV Auto Proton Beam,Light Scythe,A,4,"3,250",113.1,113.1,0.0,,Particle Beam,Ship Design 4,Level 51,"Stroud, Hope, Taiyo","29,200",6.65,2,3,17,17,0,339.15,339.15,0,
Weapon,Jishaku Fe Railgun,Shinigami,B,3,"1,000",65.0,20.0,0.0,,Ballistic,,Level 16,"Stroud, Hope, Taiyo","9,525",2.5,3,3,26,8,0,260,80,0,
Weapon,Jishaku Fe RF Rapid Railgun Turret,Shinigami,B,3,"1,250",90.0,25.0,0.0,,Ballistic,Ship Design 1,Level 25,"Stroud, Hope, Taiyo","20,000",5,3,3,18,5,0,360,100,0,
Weapon,Jishaku Fe RF Rapid Railgun,Shinigami,B,3,"1,000",85.0,25.0,0.0,,Ballistic,,Level 20,"Stroud, Hope, Taiyo","17,900",5,3,3,17,5,0,340,100,0,
Weapon,Jishaku AINiCo Railgun,Shinigami,B,3,"1,000",97.5,30.0,0.0,,Ballistic,Ship Design 3,Level 38,"Stroud, Hope, Taiyo","23,100",2.5,4,4,39,12,0,390,120,0,
Weapon,Jishaku AINiCo Rapid Railgun,Shinigami,B,3,"1,000",140.0,40.0,0.0,,Ballistic,Ship Design 4,Level 52,"Stroud, Hope, Taiyo","40,800",5,4,4,28,8,0,560,160,0,
Weapon,KE-42 Cannon,Ballistic Solutions Inc.,B,3,"1,250",77.5,22.5,0.0,,Ballistic,,Level 25,"Deimos, Nova, Stroud, Hope, Taiyo, LdgPad","14,700",2.5,4,4,31,9,0,310,90,0,
Weapon,KE-42 Cannon Turret,Ballistic Solutions Inc.,B,4,"1,500",112.5,35.0,0.0,,Ballistic,Ship Design 3,Level 41,"Deimos, Nova, Stroud, Hope, Taiyo, LdgPad","29,300",2.5,4,4,45,14,0,337.5,105,0,
Weapon,KE-42A Autocannon,Ballistic Solutions Inc.,B,4,"1,250",100.0,30.0,0.0,,Ballistic,Ship Design 2,Level 30,"Deimos, Nova, Stroud, Hope, Taiyo, LdgPad","24,100",5,4,4,20,6,0,300,90,0,
Weapon,KE-49 Cannon,Ballistic Solutions Inc.,B,4,"1,250",107.5,32.5,0.0,,Ballistic,Ship Design 3,Level 44,"Deimos, Nova, Stroud, Hope, Taiyo, LdgPad","27,300",2.5,5,4,43,13,0,322.5,97.5,0,
Weapon,KE-49A Autocannon,Ballistic Solutions Inc.,B,4,"1,250",150.0,45.0,0.0,,Ballistic,Ship Design 4,Level 60,"Deimos, Nova, Stroud, Hope, Taiyo, LdgPad","45,000",5,5,4,30,9,0,450,135,0,
Weapon,Mauler 106S Shot-Cannon,Horizon Defense,B,4,800,84.0,24.5,0.0,,Ballistic,Ship Design 4,Level 16,"Deimos, Nova, Stroud, Hope, Taiyo, LdgPad","5,000",1.75,2,3,48,14,0,252,73.5,0,
Weapon,Mauler 106T Cannon,Horizon Defense,B,4,800,57.5,17.5,0.0,,Ballistic,,Level 5,"Deimos, Nova","6,375",2.5,2,3,23,7,0,172.5,52.5,0,
Weapon,Mauler 106T Autocannon,Horizon Defense,B,4,800,75.0,25.0,0.0,,Ballistic,,Level 16,"Deimos, Nova","13,700",5,2,3,15,5,0,225,75,0,
Weapon,Mauler 106T Autocannon Turret,Horizon Defense,B,4,"1,000",85.0,25.0,0.0,,Ballistic,,Level 20,"Deimos, Nova","17,900",5,2,3,17,5,0,255,75,0,
Weapon,Mauler 107I Cannon,Horizon Defense,B,4,800,85.0,25.0,0.0,,Ballistic,Ship Design 2,Level 30,"Deimos, Nova","17,900",2.5,3,4,34,10,0,255,75,0,
Weapon,Mauler 107I Autocannon,Horizon Defense,B,4,800,125.0,40.0,0.0,,Ballistic,Ship Design 3,Level 44,"Deimos, Nova","34,600",5,3,4,25,8,0,375,120,0,
Weapon,EMP-500 Suppressor,Ballistic Solutions Inc.,B,4,800,1.5,1.5,67.5,,Electromagnetic,,Level 13,"Deimos, Nova","45,600",1.5,5,4,1,1,45,4.5,4.5,202.5,
Weapon,Vanguard Hellfire Autocannon,Vanguard,B,2,800,135.0,37.5,0.0,,Ballistic,Vanguard Faction,,"Deimos, Nova, Stroud, Hope, Taiyo, LdgPad","2,750",7.5,1,1,18,5,0,810,225,0,
Weapon,Firebolt 4000 Suppressor,Light Scythe,B,3,800,1.3,1.3,58.8,,Electromagnetic,Ship Design 2,Level 30,"Deimos, Nova, Stroud, Hope, Taiyo, LdgPad","14,500",1.25,5,3,1,1,47,5,5,235,
Weapon,Dragon 241 Laser,Horizon Defense,B,3,"1,000",17.5,57.5,0.0,,Energy,,Level 5,"Deimos, Nova","5,275",2.5,3,3,7,23,0,70,230,0,
Weapon,Dragon 241P Pulse Laser Turret,Horizon Defense,B,3,"1,250",25.0,80.0,0.0,,Energy,,Level 16,"Deimos, Nova","13,400",2.5,3,3,10,32,0,100,320,0,
Weapon,Dragon 241P Pulse Laser,Horizon Defense,B,3,"1,000",25.0,75.0,0.0,,Energy,,Level 14,"Deimos, Nova","13,400",5,3,3,5,15,0,100,300,0,
Weapon,Dragon 251 UV Laser,Horizon Defense,B,3,"1,000",25.0,85.0,0.0,,Energy,Ship Design 2,Level 30,"Deimos, Nova","13,400",2.5,4,4,10,34,0,100,340,0,
Weapon,Dragon 251P UV Pulse Laser,Horizon Defense,B,3,"1,000",35.0,110.0,0.0,,Energy,Ship Design 3,Level 36,"Deimos, Nova","24,200",5,4,4,7,22,0,140,440,0,
Weapon,Supaku 600GC Suppressor,Shinigami,B,6,800,1.3,1.3,68.8,,Electromagnetic,Ship Design 4,Level 49,"Stroud, Hope, Taiyo","36,000",1.25,5,4,1,1,55,2.5,2.5,137.5,
Weapon,Reza 10 PHz UV Laser,Shinigami,B,4,500,32.5,107.5,0.0,,Energy,Ship Design 3,Level 44,"Stroud, Hope, Taiyo","21,500",2.5,3,4,13,43,0,97.5,322.5,0,
Weapon,Reza 10 PHz Pulse Laser Turret,Shinigami,B,4,"1,000",45.0,150.0,0.0,,Energy,Ship Design 4,Level 60,"Stroud, Hope, Taiyo","35,000",5,2,3,9,30,0,135,450,0,
Weapon,Reza 10 PHz UV Pulse Laser,Shinigami,B,4,500,40.0,140.0,0.0,,Energy,Ship Design 3,Level 52,"Stroud, Hope, Taiyo","29,600",5,3,4,8,28,0,120,420,0,
Weapon,Reza 600 THz Laser,Shinigami,B,4,500,22.5,77.5,0.0,,Energy,,Level 25,"Stroud, Hope, Taiyo","10,700",2.5,2,3,9,31,0,67.5,232.5,0,
Weapon,Reza 600 THz Pulse Laser,Shinigami,B,4,500,30.0,100.0,0.0,,Energy,Ship Design 2,Level 30,"Stroud, Hope, Taiyo","18,800",5,2,3,6,20,0,90,300,0,
Weapon,Scorch 60MW Laser,Light Scythe,B,4,"1,250",20.0,62.5,0.0,,Energy,,Level 14,"Deimos, Nova, Stroud, Hope, Taiyo, LdgPad","7,975",2.5,4,3,8,25,0,60,187.5,0,
Weapon,Scorch-S 80MW Pulse Laser Turret,Light Scythe,B,4,"1,500",24.0,75.0,0.0,,Energy,Ship Design 4,Level 16,"Deimos, Nova, Stroud, Hope, Taiyo, LdgPad","12,300",3,4,3,8,25,0,72,225,0,
Weapon,Scorch-P 60MW Pulse Laser Turret,Light Scythe,B,4,"1,500",25.0,90.0,0.0,,Energy,Ship Design 4,Level 25,"Deimos, Nova, Stroud, Hope, Taiyo, LdgPad","12,300",5,4,3,5,18,0,75,270,0,
Weapon,Scorch-P 60MW Pulse Laser,Light Scythe,B,4,"1,250",25.0,80.0,0.0,,Energy,,Level 19,"Deimos, Nova, Stroud, Hope, Taiyo, LdgPad","13,400",2.5,4,3,10,32,0,75,240,0,
Weapon,Torch 250MW UV Laser,Light Scythe,B,4,"1,250",27.5,95.0,0.0,,Energy,Ship Design 3,Level 41,"Deimos, Nova, Stroud, Hope, Taiyo, LdgPad","16,100",2.5,5,4,11,38,0,82.5,285,0,
Weapon,Torch-P 250MW UV Pulse Laser,Light Scythe,B,4,"1,250",40.0,125.0,0.0,,Energy,Ship Design 3,Level 44,"Deimos, Nova, Stroud, Hope, Taiyo, LdgPad","29,600",5,5,4,8,25,0,120,375,0,
Weapon,Atlatl 270B Missile Launcher,Light Scythe,B,4,"4,000",68.0,68.0,0.0,,Missile,,Level 5,"Deimos, Nova, Stroud, Hope, Taiyo, LdgPad","8,125",1,3,4,68,68,0,204,204,0,
Weapon,Atlatl 280B Missile Launcher,Light Scythe,B,4,"4,000",141.0,141.0,0.0,,Missile,Ship Design 3,Level 38,"Deimos, Nova, Stroud, Hope, Taiyo, LdgPad","22,800",1,3,5,141,141,0,423,423,0,
Weapon,CE-29 Missile Launcher,Ballistic Solutions Inc.,B,3,"4,000",72.5,72.5,0.0,,Missile,,Level 17,"Deimos, Nova, Stroud, Hope, Taiyo, LdgPad","6,125",1.25,4,3,58,58,0,290,290,0,
Weapon,CE-39 Missile Launcher,Ballistic Solutions Inc.,B,3,"4,000",104.0,104.0,0.0,,Missile,Ship Design 3,Level 44,"Deimos, Nova, Stroud, Hope, Taiyo, LdgPad","15,400",1,5,4,104,104,0,416,416,0,
Weapon,Tsukisasu 25k Missile Launcher,Shinigami,B,3,"4,250",52.0,52.0,0.0,,Missile,,Level 25,"Stroud, Hope, Taiyo","4,925",1,4,3,52,52,0,208,208,0,
Weapon,Tsukisasu 33k Missile Launcher,Shinigami,B,4,"4,250",96.0,96.0,0.0,,Missile,Ship Design 4,Level 52,"Stroud, Hope, Taiyo","13,800",1,5,4,96,96,0,288,288,0,
Weapon,Hunter Mag-350 Missile Launcher,Horizon Defense,B,3,"3,750",55.0,55.0,0.0,,Missile,Ship Design 1,Level 30,"Deimos, Nova","5,525",1,3,4,55,55,0,220,220,0,
Weapon,Hunter Mag-450 Missile Launcher,Horizon Defense,B,3,"3,750",90.0,90.0,0.0,,Missile,Ship Design 4,Level 60,"Deimos, Nova","12,500",1,4,5,90,90,0,360,360,0,
Weapon,Disruptor 3320 Neutron Beam,Horizon Defense,B,3,"3,500",50.0,50.0,0.0,,Particle Beam,,Level 5,"Deimos, Nova","5,275",2.5,4,2,20,20,0,200,200,0,
Weapon,Disruptor 3320 Neutron Turret,Horizon Defense,B,3,"3,500",72.5,72.5,0.0,,Particle Beam,,Level 20,"Deimos, Nova","13,800",2.5,4,2,29,29,0,290,290,0,
Weapon,Disruptor 3320A Auto Neutron Beam,Horizon Defense,B,3,"3,500",65.0,65.0,0.0,,Particle Beam,,Level 16,"Deimos, Nova","10,900",5,4,2,13,13,0,260,260,0,
Weapon,Disruptor 3330 Helion Beam,Horizon Defense,B,4,"3,500",75.0,75.0,0.0,,Particle Beam,Ship Design 2,Level 30,"Deimos, Nova","14,700",2.5,5,3,30,30,0,225,225,0,
Weapon,Disruptor 3330A Auto Helion Beam,Horizon Defense,B,4,"3,500",95.0,95.0,0.0,,Particle Beam,Ship Design 3,Level 36,"Deimos, Nova","22,300",5,5,3,19,19,0,285,285,0,
Weapon,Eradicator 75MeV Neutron Beam,Light Scythe,B,4,"3,250",70.0,70.0,0.0,,Particle Beam,,Level 25,"Stroud, Hope, Taiyo","12,800",2.5,3,3,28,28,0,210,210,0,
Weapon,Eradicator 75MeV Auto Neutron Turret,Light Scythe,B,4,"3,250",95.0,95.0,0.0,,Particle Beam,Ship Design 3,Level 36,"Stroud, Hope, Taiyo","22,300",5,3,3,19,19,0,285,285,0,
Weapon,Eradicator 75MeV Auto Neutron Beam,Light Scythe,B,4,"3,250",85.0,85.0,0.0,,Particle Beam,Ship Design 2,Level 30,"Stroud, Hope, Taiyo","18,500",5,3,3,17,17,0,255,255,0,
Weapon,Exterminator 95MeV Helion Beam,Light Scythe,B,4,"3,250",97.5,97.5,0.0,,Particle Beam,Ship Design 3,Level 48,"Stroud, Hope, Taiyo","23,200",2.5,4,4,39,39,0,292.5,292.5,0,
Weapon,Exterminator 95MeV Auto Helion Beam,Light Scythe,B,4,"3,250",130.0,130.0,0.0,,Particle Beam,Ship Design 4,Level 60,"Stroud, Hope, Taiyo","35,500",5,4,4,26,26,0,390,390,0,
Weapon,PB-100 Neutron Beam,Ballistic Solutions Inc.,B,3,"3,000",57.5,57.5,0.0,,Particle Beam,,Level 16,"Deimos, Nova, Stroud, Hope, Taiyo, LdgPad","8,100",2.5,3,4,23,23,0,230,230,0,
Weapon,PB0-100 Auto Neutron Turret,Ballistic Solutions Inc.,B,3,"3,000",80.0,80.0,0.0,,Particle Beam,Ship Design 1,Level 25,"Deimos, Nova, Stroud, Hope, Taiyo, LdgPad","16,600",5,3,4,16,16,0,320,320,0,
Weapon,PB0-100 Auto Neutron Beam,Ballistic Solutions Inc.,B,3,"3,000",70.0,70.0,0.0,,Particle Beam,,Level 20,"Deimos, Nova, Stroud, Hope, Taiyo, LdgPad","12,800",5,3,4,14,14,0,280,280,0,
Weapon,PB-175 Helion Beam,Ballistic Solutions Inc.,B,3,"3,000",72.5,72.5,0.0,,Particle Beam,Ship Design 2,Level 28,"Deimos, Nova, Stroud, Hope, Taiyo, LdgPad","13,800",2.5,4,5,29,29,0,290,290,0,
Weapon,PB0-175 Auto Helion Beam,Ballistic Solutions Inc.,B,3,"3,000",114.0,114.0,0.0,,Particle Beam,Ship Design 4,Level 48,"Deimos, Nova, Stroud, Hope, Taiyo, LdgPad","29,500",6,4,5,19,19,0,456,456,0,
Weapon,Jishaku Nd Railgun,Shinigami,C,3,"1,000",69.0,21.0,0.0,,Ballistic,,Level 19,"Stroud, Hope, Taiyo","11,200",1.5,6,6,46,14,0,276,84,0,
Weapon,Jishaku Nd RF Rapid Railgun Turret,Shinigami,C,3,"1,000",96.0,28.0,0.0,,Ballistic,Ship Design 1,Level 27,"Stroud, Hope, Taiyo","22,500",4,6,6,24,7,0,384,112,0,
Weapon,Jishaku Nd RF Rapid Railgun,Shinigami,C,3,"1,000",88.0,28.0,0.0,,Ballistic,,Level 25,"Stroud, Hope, Taiyo","19,100",4,6,6,22,7,0,352,112,0,
Weapon,Marauder 114ANC Railgun,Horizon Defense,C,4,800,64.5,19.5,0.0,,Ballistic,,Level 10,"Deimos, Nova","9,300",1.5,5,6,43,13,0,193.5,58.5,0,
Weapon,Marauder 114ANC Rapid Railgun,Horizon Defense,C,4,800,80.0,24.0,0.0,,Ballistic,,Level 16,"Deimos, Nova","15,800",4,5,6,20,6,0,240,72,0,
Weapon,Marauder 115N Railgun,Horizon Defense,C,4,800,85.5,25.5,0.0,,Ballistic,Ship Design 1,Level 30,"Deimos, Nova","18,100",1.5,6,6,57,17,0,256.5,76.5,0,
Weapon,Marauder 115N Railgun Turret,Horizon Defense,C,4,800,121.5,36.0,0.0,,Ballistic,Ship Design 3,Level 43,"Deimos, Nova","33,100",1.5,6,6,81,24,0,364.5,108,0,
Weapon,Marauder 115N Rapid Railgun,Horizon Defense,C,4,800,132.0,40.0,0.0,,Ballistic,Ship Design 3,Level 49,"Deimos, Nova","37,500",4,7,7,33,10,0,396,120,0,
Weapon,MKE-4 Gauss Gun,Ballistic Solutions Inc.,C,3,"1,250",76.5,22.5,0.0,,Ballistic,,Level 24,"Deimos, Nova, Stroud, Hope, Taiyo, LdgPad","14,300",1.5,7,6,51,15,0,306,90,0,
Weapon,MKE-4A Auto Gauss Gun,Ballistic Solutions Inc.,C,3,"1,250",96.0,28.0,0.0,,Ballistic,Ship Design 1,Level 27,"Deimos, Nova, Stroud, Hope, Taiyo, LdgPad","22,500",4,7,6,24,7,0,384,112,0,
Weapon,MKE-9 Gauss,Ballistic Solutions Inc.,C,4,"1,250",93.0,28.5,0.0,,Ballistic,Ship Design 2,Level 35,"Deimos, Nova, Stroud, Hope, Taiyo, LdgPad","21,200",1.5,8,7,62,19,0,279,85.5,0,
Weapon,MKE-9A Auto Gauss Gun,Ballistic Solutions Inc.,C,4,"1,250",148.0,44.0,0.0,,Ballistic,Ship Design 4,Level 57,"Deimos, Nova, Stroud, Hope, Taiyo, LdgPad","44,200",4,9,7,37,11,0,444,132,0,
Weapon,EMP-1000 Suppressor,Ballistic Solutions Inc.,C,4,800,0.8,0.8,43.2,,Electromagnetic,,Level 10,"Deimos, Nova","11,600",0.8,8,6,1,1,54,2.4,2.4,129.6,
Weapon,Fulminator 8000 Suppressor,Light Scythe,C,3,800,0.8,0.8,46.4,,Electromagnetic,,Level 30,"Deimos, Nova, Stroud, Hope, Taiyo, LdgPad","3,125",0.8,8,6,1,1,58,3.2,3.2,185.6,
Weapon,Tatsu 500EM Suppressor,Shinigami,C,6,800,0.8,0.8,69.6,,Electromagnetic,Ship Design 2,Level 50,"Stroud, Hope, Taiyo","20,700",0.8,7,7,1,1,87,1.6,1.6,139.2,
Weapon,Tatsu 501EM Suppressor,Shinigami,C,6,800,0.8,0.8,86.4,,Electromagnetic,Ship Design 4,Level 60,"Stroud, Hope, Taiyo","24,600",0.8,8,7,1,1,108,1.6,1.6,172.8,
Weapon,Blaze 2GW SX Laser,Light Scythe,C,3,"1,250",21.0,69.0,0.0,,Energy,,Level 19,"Deimos, Nova, Stroud, Hope, Taiyo, LdgPad","9,075",1.5,7,6,14,46,0,84,276,0,
Weapon,Blaze-P 2GW SX Pulse Laser Turret,Light Scythe,C,3,"1,250",28.0,96.0,0.0,,Energy,Ship Design 1,Level 30,"Deimos, Nova, Stroud, Hope, Taiyo, LdgPad","16,600",4,7,6,7,24,0,112,384,0,
Weapon,Blaze-P 2GW SX Pulse Laser,Light Scythe,C,3,"1,250",28.0,96.0,0.0,,Energy,Ship Design 1,Level 27,"Deimos, Nova, Stroud, Hope, Taiyo, LdgPad","16,600",4,7,6,7,24,0,112,384,0,
Weapon,Dragon 261 SX Laser,Horizon Defense,C,3,"1,000",19.5,64.5,0.0,,Energy,,Level 10,"Deimos, Nova","7,450",1.5,6,6,13,43,0,78,258,0,
Weapon,Dragon 261 SX Laser Turret,Horizon Defense,C,3,"1,000",27.0,88.5,0.0,,Energy,,Level 24,"Deimos, Nova","15,600",1.5,6,6,18,59,0,108,354,0,
Weapon,Dragon 261P SX Pulse Laser,Horizon Defense,C,3,"1,000",24.0,80.0,0.0,,Energy,,Level 19,"Deimos, Nova","12,300",4,6,6,6,20,0,96,320,0,
Weapon,Vanguard Starseeker Pulse Laser,Vanguard,C,4,"1,000",48.0,126.0,0.0,,Energy,Vanguard Faction,,"Deimos, Nova, Stroud, Hope, Taiyo, LdgPad","38,200",6,6,6,8,21,0,144,378,0,
Weapon,Reza 300 PHz SX Laser,Shinigami,C,4,800,28.5,94.5,0.0,,Energy,Ship Design 2,Level 36,"Stroud, Hope, Taiyo","17,200",1.5,7,6,19,63,0,85.5,283.5,0,
Weapon,Reza 300 PHz SX Pulse Laser Turret,Shinigami,C,4,"1,000",44.0,152.0,0.0,,Energy,Ship Design 4,Level 60,"Stroud, Hope, Taiyo","33,900",4,5,6,11,38,0,132,456,0,
Weapon,Reza 300 PHz SX Pulse Laser,Shinigami,C,4,800,40.0,136.0,0.0,,Energy,Ship Design 2,Level 51,"Stroud, Hope, Taiyo","29,600",4,7,6,10,34,0,120,408,0,
Weapon,Atlatl 270C Missile Launcher,Light Scythe,C,4,"4,000",149.0,149.0,0.0,,Missile,,Level 10,"Deimos, Nova, Stroud, Hope, Taiyo, LdgPad","24,400",1,6,7,149,149,0,447,447,0,
Weapon,Atlatl 290B Missile Launcher,Light Scythe,B,10,"4,000",96.0,96.0,0.0,,Missile,Ship Design 4,Level 17,"Deimos, Nova, Stroud, Hope, Taiyo, LdgPad","13,800",1,6,7,96,96,0,96.0,96.0,0.0,
Weapon,Atlatl 280C Missile Launcher,Light Scythe,C,4,"4,000",264.0,264.0,0.0,,Missile,Ship Design 3,Level 43,"Deimos, Nova, Stroud, Hope, Taiyo, LdgPad","47,500",1,6,7,264,264,0,792,792,0,
Weapon,CE-49 Missile Launcher,Ballistic Solutions Inc.,C,3,"4,000",96.0,96.0,0.0,,Missile,,Level 25,"Deimos, Nova, Stroud, Hope, Taiyo, LdgPad","13,800",1,6,6,96,96,0,384,384,0,
Weapon,CE-59 Missile Launcher,Ballistic Solutions Inc.,C,3,"4,000",153.0,153.0,0.0,,Missile,Ship Design 3,Level 49,"Deimos, Nova, Stroud, Hope, Taiyo, LdgPad","25,200",1,6,7,153,153,0,612,612,0,
Weapon,Devastator 1500 Missile Launcher,Horizon Defense,C,3,"3,750",68.0,68.0,0.0,,Missile,Ship Design 1,Level 35,"Deimos, Nova","8,125",1,6,7,68,68,0,272,272,0,
Weapon,Tsukisasu 40k Missile Launcher,Shinigami,C,4,"4,250",82.0,82.0,0.0,,Missile,,Level 30,"Stroud, Hope, Taiyo","10,900",1,6,6,82,82,0,246,246,0,
Weapon,Tsukisasu 50k Missile Launcher,Shinigami,C,4,"4,250",136.0,136.0,0.0,,Missile,Ship Design 4,Level 57,"Stroud, Hope, Taiyo","21,800",1,6,6,136,136,0,408,408,0,
Weapon,Disruptor 3340 Alpha Beam,Horizon Defense,C,3,"3,500",57.0,57.0,0.0,,Particle Beam,,Level 10,"Deimos, Nova","7,925",1.5,7,6,38,38,0,228,228,0,
Weapon,Disruptor 3340A Auto Alpha Turret,Horizon Defense,C,3,"3,500",76.0,76.0,0.0,,Particle Beam,,Level 24,"Deimos, Nova","15,100",4,7,6,19,19,0,304,304,0,
Weapon,Disruptor 3340A Auto Alpha Beam,Horizon Defense,C,3,"3,500",68.0,68.0,0.0,,Particle Beam,,Level 19,"Deimos, Nova","12,100",4,7,6,17,17,0,272,272,0,
Weapon,PB-300 Alpha Beam,Ballistic Solutions Inc.,C,3,"3,000",61.5,61.5,0.0,,Particle Beam,,Level 19,"Deimos, Nova, Stroud, Hope, Taiyo, LdgPad","9,625",1.5,5,6,41,41,0,246,246,0,
Weapon,PB0-300 Auto Alpha Turret,Ballistic Solutions Inc.,C,3,"3,000",88.0,88.0,0.0,,Particle Beam,Ship Design 1,Level 25,"Deimos, Nova, Stroud, Hope, Taiyo, LdgPad","19,600",4,5,6,22,22,0,352,352,0,
Weapon,PB0-300 Auto Alpha Beam,Ballistic Solutions Inc.,C,3,"3,000",76.0,76.0,0.0,,Particle Beam,,Level 24,"Deimos, Nova, Stroud, Hope, Taiyo, LdgPad","15,100",4,5,6,19,19,0,304,304,0,
Weapon,Obliterator 250MeV Alpha Beam,Light Scythe,C,4,"3,250",82.5,82.5,0.0,,Particle Beam,Ship Design 1,Level 36,"Stroud, Hope, Taiyo","17,600",1.5,6,7,55,55,0,247.5,247.5,0,
Weapon,Obliterator 250MeV Alpha Turret,Light Scythe,C,4,"3,250",129.0,129.0,0.0,,Particle Beam,Ship Design 4,Level 60,"Stroud, Hope, Taiyo","35,100",1.5,6,7,86,86,0,387,387,0,
Weapon,Obliterator 250MeV Auto Alpha Beam,Light Scythe,C,4,"3,250",116.0,116.0,0.0,,Particle Beam,Ship Design 3,Level 51,"Stroud, Hope, Taiyo","30,200",4,6,7,29,29,0,348,348,0,
Weapon,Vanguard Ares Particle Cannon,Vanguard,C,3,"3,000",72.0,72.0,0.0,,Particle Beam,Vanguard Faction,,"Deimos, Nova, Stroud, Hope, Taiyo, LdgPad","13,600",4,5,6,18,18,0,288,288,0,
,,,,,,,,,,,,,,,,,,,,,,,,
,,,,,,,,,,,,,,,,,,,,,,,,
,,,,,,,,,,,,,,,,,,,,,,,,
Cargo Module,Cargo Module,Manufacturer,,,Cargo,Shielded,Hull,Mass,,,Required Skill,Char Level,Vendors,Cost,,,,,,,Cargo/Mass,,,
Cargo Module,100CM Ballast,Sextant Shield Systems,,,210,No,5,44,,,,,"Deimos, Nova",750,,,,,,,4.77,,,
Cargo Module,100CM Ballast Shielded,Sextant Shield Systems,,,160,Yes,5,48,,,,,"The Key, Red Mile, LdgPad","4,750",,,,,,,3.33,,,
Cargo Module,10ST Hauler Shielded,Sextant Shield Systems,,,320,Yes,5,124,,,Ship Design 2,Level 30,"The Key, Red Mile, LdgPad","18,800",,,,,,,2.58,,,
Cargo Module,10T Hauler,Sextant Shield Systems,,,585,No,5,124,,,Ship Design 1,Level 15,"Deimos, Nova","3,800",,,,,,,4.72,,,
Cargo Module,200CM Ballast,Sextant Shield Systems,,,245,No,5,52,,,,,"Deimos, Nova","1,050",,,,,,,4.71,,,
Cargo Module,200CM Ballast Shielded,Sextant Shield Systems,,,190,Yes,5,56,,,,Level 10,"The Key, Red Mile, LdgPad","2,600",,,,,,,3.39,,,
Cargo Module,20T Hauler,Sextant Shield Systems,,,760,No,5,160,,,Ship Design 1,Level 20,"Deimos, Nova","5,200",,,,,,,4.75,,,
Cargo Module,300CM Ballast,Sextant Shield Systems,,,320,No,5,68,,,Ship Design 1,,"Deimos, Nova","1,650",,,,,,,4.71,,,
Cargo Module,30T Hauler,Sextant Shield Systems,,,"1,000",No,5,212,,,Ship Design 2,Level 23,"Deimos, Nova","7,150",,,,,,,4.72,,,
Cargo Module,400CM Ballast,Sextant Shield Systems,,,435,No,5,92,,,Ship Design 1,Level 11,"Deimos, Nova","2,550",,,,,,,4.73,,,
Cargo Module,40T Hauler,Sextant Shield Systems,,,"1,270",No,5,268,,,Ship Design 3,Level 31,"Deimos, Nova","9,300",,,,,,,4.74,,,
Cargo Module,Caravel V101,Protectorate System,,,225,No,5,48,,,,,"Deimos, Nova, Stroud, Hope, Taiyo, LdgPad",850,,,,,,,4.69,,,
Cargo Module,Caravel V101 Shielded,Protectorate System,,,170,Yes,5,52,,,,,"The Key, Red Mile, LdgPad","2,600",,,,,,,3.27,,,
Cargo Module,Caravel V102,Protectorate System,,,300,No,5,64,,,,,"Deimos, Nova, Stroud, Hope, Taiyo, LdgPad","1,500",,,,,,,4.69,,,
Cargo Module,Caravel V102 Shielded,Protectorate System,,,240,Yes,5,72,,,Ship Design 1,Level 15,"The Key, Red Mile, LdgPad","10,100",,,,,,,3.33,,,
Cargo Module,Caravel V103,Protectorate System,,,395,No,5,84,,,Ship Design 1,Level 8,"Deimos, Nova, Stroud, Hope, Taiyo, LdgPad","2,250",,,,,,,4.70,,,
Cargo Module,Caravel V104,Protectorate System,,,550,No,5,116,,,Ship Design 2,Level 12,"Deimos, Nova, Stroud, Hope, Taiyo, LdgPad","3,500",,,,,,,4.74,,,
Cargo Module,da Gama 1000,Panoptes,,,210,No,5,44,,,,Level 6,"Stroud, Hope, Taiyo",750,,,,,,,4.77,,,
Cargo Module,da Gama 1000 Shielded,Panoptes,,,160,Yes,5,48,,,,Level 15,"The Key, Red Mile, LdgPad","1,500",,,,,,,3.33,,,
Cargo Module,da Gama 1010,Panoptes,,,245,No,5,52,,,,Level 10,"Stroud, Hope, Taiyo","1,050",,,,,,,4.71,,,
Cargo Module,da Gama 1010 Shielded,Panoptes,,,190,Yes,5,56,,,Ship Design 1,Level 20,"The Key, Red Mile, LdgPad","4,750",,,,,,,3.39,,,
Cargo Module,da Gama 1020,Panoptes,,,320,No,5,68,,,Ship Design 1,,"Stroud, Hope, Taiyo","1,650",,,,,,,4.71,,,
Cargo Module,Galleon S201,Protectorate System,,,720,No,5,152,,,Ship Design 1,Level 16,"Deimos, Nova, Stroud, Hope, Taiyo, LdgPad","4,850",,,,,,,4.74,,,
Cargo Module,Galleon S202,Protectorate System,,,950,No,5,200,,,Ship Design 1,Level 19,"Deimos, Nova, Stroud, Hope, Taiyo, LdgPad","6,700",,,,,,,4.75,,,
Cargo Module,Galleon S203,Protectorate System,,,"1,200",No,5,252,,,Ship Design 2,Level 24,"Deimos, Nova, Stroud, Hope, Taiyo, LdgPad","8,750",,,,,,,4.76,,,
Cargo Module,Galleon S204,Protectorate System,,,"1,480",No,5,312,,,Ship Design 3,Level 32,"Deimos, Nova, Stroud, Hope, Taiyo, LdgPad","11,000",,,,,,,4.74,,,
Cargo Module,Polo 2000,Panoptes,,,435,No,5,92,,,Ship Design 1,Level 18,"Stroud, Hope, Taiyo","2,550",,,,,,,4.73,,,
Cargo Module,Polo 2010,Panoptes,,,585,No,5,124,,,Ship Design 2,Level 22,"Stroud, Hope, Taiyo","3,800",,,,,,,4.72,,,
Cargo Module,Polo 2020,Panoptes,,,760,No,5,160,,,Ship Design 2,Level 28,"Stroud, Hope, Taiyo","5,200",,,,,,,4.75,,,
Cargo Module,Polo 2030,Panoptes,,,"1,000",No,5,212,,,Ship Design 3,Level 36,"Stroud, Hope, Taiyo","7,150",,,,,,,4.72,,,
Cargo Module,StorMax 30,Dogstar,,,210,No,5,44,,,,,"Deimos, Nova, Stroud, Hope, Taiyo, LdgPad",750,,,,,,,4.77,,,
Cargo Module,Stormax 40,Dogstar,,,245,No,5,52,,,,,"Deimos, Nova, Stroud, Hope, Taiyo, LdgPad","1,050",,,,,,,4.71,,,
Cargo Module,Stormax 50 ,Dogstar,,,320,No,5,68,,,,Level 8,"Deimos, Nova, Stroud, Hope, Taiyo, LdgPad","1,650",,,,,,,4.71,,,
Cargo Module,Stormax 60,Dogstar,,,435,No,5,92,,,Ship Design 1,Level 12,"Deimos, Nova, Stroud, Hope, Taiyo, LdgPad","2,550",,,,,,,4.73,,,
,,,,,,,,,,,,,,,,,,,,,,,,
,,,,,,,,,,,,,,,,,,,,,,,,
,,,,,,,,,,,,,,,,,,,,,,,,
,,,,,,,,,,,,,,,,,,,,,,,,
,,,,,,,,,,,,,,,,,,,,,,,,
Grav Drive,Grav Drive,Manufacturer,Class,Max Power,Jump Thrust,Health,Hull,Mass,,,Required Skill,Char Level,Vendors,Cost,,,,,,,Thrust/Energy,Thrust/Mass,,
Grav Drive,Helios 100,Deep Core,A,9,16,52,5,26,,,,,"Deimos, Nova, Stroud, Hope, Taiyo, LdgPad","6,150",,,,,,,1.78,0.62,,
Grav Drive,Helios 200,Deep Core,A,9,19,57,5,28,,,,Level 8,"Deimos, Nova, Stroud, Hope, Taiyo, LdgPad","7,300",,,,,,,2.11,0.68,,
Grav Drive,Helios 300,Deep Core,A,9,23,68,5,34,,,,Level 14,"Deimos, Nova, Stroud, Hope, Taiyo, LdgPad","9,500",,,,,,,2.56,0.68,,
Grav Drive,Helios 400,Deep Core,A,9,27,84,5,42,,,Ship Design 1,Level 21,"Deimos, Nova, Stroud, Hope, Taiyo, LdgPad","12,600",,,,,,,3.00,0.64,,
Grav Drive,Vanguard Recon,Vanguard,A,12,18,52,5,26,,,Vanguard Faction,,"Deimos, Nova, Stroud, Hope, Taiyo, LdgPad","6,800",,,,,,,1.50,0.69,,
Grav Drive,R-1000 Alpha,Reladyne,A,9,16,52,5,26,,,,,"Deimos, Nova, Stroud, Hope, Taiyo, LdgPad","6,150",,,,,,,1.78,0.62,,
Grav Drive,R-2000 Alpha,Reladyne,A,9,20,61,5,30,,,,Level 9,"Deimos, Nova, Stroud, Hope, Taiyo, LdgPad","7,850",,,,,,,2.22,0.67,,
Grav Drive,R-3000 Alpha,Reladyne,A,9,23,76,5,38,,,,Level 15,"Deimos, Nova, Stroud, Hope, Taiyo, LdgPad","9,800",,,,,,,2.56,0.61,,
Grav Drive,R-4000 Alpha,Reladyne,A,9,27,95,5,47,,,Ship Design 2,Level 22,"Deimos, Nova, Stroud, Hope, Taiyo, LdgPad","13,200",,,,,,,3.00,0.57,,
Grav Drive,SGD 1100,Slayton Aerospace,A,9,12,50,5,25,,,,,"Stroud, Hope, Taiyo","5,100",,,,,,,1.33,0.48,,
Grav Drive,SGD 1200,Slayton Aerospace,A,9,14,55,5,27,,,,Level 7,"Stroud, Hope, Taiyo","5,700",,,,,,,1.56,0.52,,
Grav Drive,SGD 1300,Slayton Aerospace,A,9,16,65,5,32,,,,Level 12,"Stroud, Hope, Taiyo","6,600",,,,,,,1.78,0.50,,
Grav Drive,SGD 1400,Slayton Aerospace,A,9,19,80,5,40,,,Ship Design 1,Level 20,"Stroud, Hope, Taiyo","8,200",,,,,,,2.11,0.48,,
Grav Drive,Aurora 11G,Deep Core,B,10,27,105,5,52,,,,Level 20,"Deimos, Nova, Stroud, Hope, Taiyo, LdgPad","13,800",,,,,,,2.70,0.52,,
Grav Drive,Aurora 12G,Deep Core,B,10,30,131,5,65,,,Ship Design 1,Level 26,"Deimos, Nova, Stroud, Hope, Taiyo, LdgPad","18,100",,,,,,,3.00,0.46,,
Grav Drive,Aurora 13G,Deep Core,B,10,33,162,5,81,,,Ship Design 2,Level 32,"Deimos, Nova, Stroud, Hope, Taiyo, LdgPad","24,500",,,,,,,3.30,0.41,,
Grav Drive,NG150,Nova Galactic,A,9,12,47,5,23,,,,,"Nova, LdgPad","5,000",,,,,,,1.33,0.52,,
Grav Drive,NG160,Nova Galactic,A,8,13,52,5,26,,,,,"Nova, LdgPad","5,400",,,,,,,1.63,0.50,,
Grav Drive,NG170,Nova Galactic,A,8,14,61,5,30,,,,,"Nova, LdgPad","5,900",,,,,,,1.75,0.47,,
Grav Drive,NG200,Nova Galactic,B,10,18,76,5,38,,,,Level 5,"Nova, LdgPad","7,700",,,,,,,1.80,0.47,,
Grav Drive,NG210,Nova Galactic,B,10,21,95,5,47,,,Ship Design 1,Level 24,"Nova, LdgPad","9,750",,,,,,,2.10,0.45,,
Grav Drive,NG220,Nova Galactic,B,10,25,118,5,59,,,Ship Design 2,Level 29,"Nova, LdgPad","13,300",,,,,,,2.50,0.42,,
Grav Drive,RD-1000 Beta,Reladyne,B,10,27,118,5,59,,,,Level 21,"Deimos, Nova, Stroud, Hope, Taiyo, LdgPad","14,600",,,,,,,2.70,0.46,,
Grav Drive,RD-2000 Beta,Reladyne,B,10,30,147,5,73,,,Ship Design 1,Level 27,"Deimos, Nova, Stroud, Hope, Taiyo, LdgPad","19,600",,,,,,,3.00,0.41,,
Grav Drive,RD-3000 Beta,Reladyne,B,10,36,180,5,90,,,Ship Design 2,Level 33,"Deimos, Nova, Stroud, Hope, Taiyo, LdgPad","31,000",,,,,,,3.60,0.40,,
Grav Drive,SGD 2100,Slayton Aerospace,B,10,25,100,5,50,,,,Level 19,"Stroud, Hope, Taiyo","12,100",,,,,,,2.50,0.50,,
Grav Drive,SGD 2200,Slayton Aerospace,B,10,27,125,5,62,,,Ship Design 1,Level 24,"Stroud, Hope, Taiyo","15,100",,,,,,,2.70,0.44,,
Grav Drive,SGD 2300,Slayton Aerospace,B,10,30,155,5,77,,,Ship Design 2,Level 30,"Stroud, Hope, Taiyo","20,400",,,,,,,3.00,0.39,,
Grav Drive,Apollo GV100,Deep Core,C,11,34,199,5,99,,,Ship Design 1,Level 38,"Deimos, Nova, Stroud, Hope, Taiyo, LdgPad","31,300",,,,,,,3.09,0.34,,
Grav Drive,Apollo GV200,Deep Core,C,11,45,241,5,120,,,Ship Design 3,Level 45,"Deimos, Nova, Stroud, Hope, Taiyo, LdgPad","65,100",,,,,,,4.09,0.38,,
Grav Drive,Apollo GV300,Deep Core,C,11,50,288,5,144,,,Ship Design 4,Level 52,"Deimos, Nova, Stroud, Hope, Taiyo, LdgPad","105,500",,,,,,,4.55,0.35,,
Grav Drive,J-50 Gamma,Reladyne,C,11,34,218,5,109,,,Ship Design 1,Level 39,"Deimos, Nova, Stroud, Hope, Taiyo, LdgPad","35,500",,,,,,,3.09,0.31,,
Grav Drive,J-51 Gamma,Reladyne,C,11,45,261,5,130,,,Ship Design 3,Level 46,"Deimos, Nova, Stroud, Hope, Taiyo, LdgPad","72,300",,,,,,,4.09,0.35,,
Grav Drive,J-52 Gamma,Reladyne,C,11,50,308,5,154,,,Ship Design 4,Level 53,"Deimos, Nova, Stroud, Hope, Taiyo, LdgPad","118,200",,,,,,,4.55,0.32,,
Grav Drive,NG300,Nova Galactic,C,11,27,147,5,85,,,Ship Design 1,Level 12,"Nova, LdgPad","18,200",,,,,,,2.45,0.32,,
Grav Drive,NG320,Nova Galactic,C,11,38,147,5,112,,,Ship Design 3,Level 42,"Nova, LdgPad","35,400",,,,,,,3.45,0.34,,
Grav Drive,NG340,Nova Galactic,C,12,45,147,5,130,,,Ship Design 3,Level 46,"Nova, LdgPad","57,300",,,,,,,3.75,0.35,,
Grav Drive,SGD 3100,Slayton Aerospace,C,11,31,190,5,95,,,Ship Design 1,Level 36,"Stroud, Hope, Taiyo","26,300",,,,,,,2.82,0.33,,
Grav Drive,SGD 3200,Slayton Aerospace,C,11,38,230,5,115,,,Ship Design 3,Level 44,"Stroud, Hope, Taiyo","44,800",,,,,,,3.45,0.33,,
Grav Drive,SGD 3300,Slayton Aerospace,C,11,45,275,5,137,,,Ship Design 4,Level 51,"Stroud, Hope, Taiyo","78,500",,,,,,,4.09,0.33,,
,,,,,,,,,,,,,,,,,,,,,,,,
,,,,,,,,,,,,,,,,,,,,,,,,
,,,,,,,,,,,,,,,,,,,,,,,,
,,,,,,,,,,,,,,,,,,,,,,,,
,,,,,,,,,,,,,,,,,,,,,,,,
,,,,,,,,,,,,,,,,,,,,,,,,
,,,,,,,,,,,,,,,,,,,,,,,,
,,,,,,,,,,,,,,,,,,,,,,,,
,,,,,,,,,,,,,,,,,,,,,,,,
Fuel Tank,Fuel Tank,Manufacturer,,,Cost,Grav Jump Fuel,Hull,Mass,,,Required Skill,Char Level,Vendors,Cost,,,,,,,Fuel/Mass,,,
Fuel Tank,100G He3 Tank,Ballistic Solutions Inc.,,,"1,250",50,5,10,,,,,"Deimos, Nova, Stroud, Hope, Taiyo, LdgPad","1,250",,,,,,,5.00,,,
Fuel Tank,200G He3 Tank,Ballistic Solutions Inc.,,,"1,650",70,5,12,,,,,"Deimos, Nova, Stroud, Hope, Taiyo, LdgPad","1,650",,,,,,,5.83,,,
Fuel Tank,300G He3 Tank,Ballistic Solutions Inc.,,,"2,250",100,5,16,,,,Level 9,"Deimos, Nova, Stroud, Hope, Taiyo, LdgPad","2,250",,,,,,,6.25,,,
Fuel Tank,400G He3 Tank,Ballistic Solutions Inc.,,,"3,100",140,5,21,,,,Level 10,"Deimos, Nova, Stroud, Hope, Taiyo, LdgPad","3,100",,,,,,,6.67,,,
Fuel Tank,500T He3 Tank,Ballistic Solutions Inc.,,,"4,500",210,5,29,,,Ship Design 2,Level 22,"Deimos, Nova, Stroud, Hope, Taiyo, LdgPad","4,500",,,,,,,7.24,,,
Fuel Tank,600T He3 Tank,Ballistic Solutions Inc.,,,"6,150",290,5,38,,,Ship Design 2,Level 27,"Deimos, Nova, Stroud, Hope, Taiyo, LdgPad","6,150",,,,,,,7.63,,,
Fuel Tank,700T He3 Tank,Ballistic Solutions Inc.,,,"8,400",400,5,50,,,Ship Design 2,Level 32,"Deimos, Nova, Stroud, Hope, Taiyo, LdgPad","8,400",,,,,,,8.00,,,
Fuel Tank,800T He3 Tank,Ballistic Solutions Inc.,,,"11,500",550,5,63,,,Ship Design 3,Level 40,"Deimos, Nova, Stroud, Hope, Taiyo, LdgPad","11,500",,,,,,,8.73,,,
Fuel Tank,900T He3 Tank,Ballistic Solutions Inc.,,,"13,500",650,5,60,,,Ship Design 4,Level 27,"Deimos, Nova, Stroud, Hope, Taiyo, LdgPad","13,500",,,,,,,10.83,,,
Fuel Tank,M10 Ulysses He3 Tank,Dogstar,,,"1,250",50,5,12,,,,,"Deimos, Nova, Stroud, Hope, Taiyo, LdgPad","1,250",,,,,,,4.17,,,
Fuel Tank,M20 Ulysses He3 Tank,Dogstar,,,"1,650",70,5,14,,,,,"Deimos, Nova, Stroud, Hope, Taiyo, LdgPad","1,650",,,,,,,5.00,,,
Fuel Tank,M30 Ulysses He3 Tank,Dogstar,,,"2,250",100,5,18,,,,Level 8,"Deimos, Nova, Stroud, Hope, Taiyo, LdgPad","2,250",,,,,,,5.56,,,
Fuel Tank,M40 Ulysses He3 Tank,Dogstar,,,"3,300",150,5,25,,,,Level 12,"Deimos, Nova, Stroud, Hope, Taiyo, LdgPad","3,300",,,,,,,6.00,,,
Fuel Tank,M50 Ulysses He3 Tank,Dogstar,,,"5,350",250,5,25,,,Ship Design 4,Level 16,"Deimos, Nova, Stroud, Hope, Taiyo, LdgPad","5,350",,,,,,,10.00,,,
Fuel Tank,H10 Atlas He3 Tank,Dogstar,,,"4,500",210,5,33,,,Ship Design 2,Level 20,"Deimos, Nova, Stroud, Hope, Taiyo, LdgPad","4,500",,,,,,,6.36,,,
Fuel Tank,H20 Atlas He3 Tank,Dogstar,,,"6,350",300,5,44,,,Ship Design 2,Level 25,"Deimos, Nova, Stroud, Hope, Taiyo, LdgPad","6,350",,,,,,,6.82,,,
Fuel Tank,H30 Atlas He3 Tank,Dogstar,,,"8,400",400,5,56,,,Ship Design 2,Level 30,"Deimos, Nova, Stroud, Hope, Taiyo, LdgPad","8,400",,,,,,,7.14,,,
Fuel Tank,H40 Atlas He3 Tank,Dogstar,,,"11,500",550,5,71,,,Ship Design 3,Level 40,"Deimos, Nova, Stroud, Hope, Taiyo, LdgPad","11,500",,,,,,,7.75,,,
Fuel Tank,Titan 350 He3 Tank,Nautilus,,,"1,750",75,5,12,,,,Level 6,"Deimos, Nova, Stroud, Hope, Taiyo, LdgPad","1,750",,,,,,,6.25,,,
Fuel Tank,Titan 450 He3 Tank,Nautilus,,,"2,500",110,5,16,,,,Level 10,"Deimos, Nova, Stroud, Hope, Taiyo, LdgPad","2,500",,,,,,,6.88,,,
Fuel Tank,Titan 550 He3 Tank,Nautilus,,,"3,500",160,5,21,,,,Level 14,"Deimos, Nova, Stroud, Hope, Taiyo, LdgPad","3,500",,,,,,,7.62,,,
,,,,,,,,,,,,,,,,,,,,,,,,
,,,,,,,,,,,,,,,,,,,,,,,,
,,,,,,,,,,,,,,,,,,,,,,,,
,,,,,,,,,,,,,,,,,,,,,,,,
,,,,,,,,,,,,,,,,,,,,,,,,
,,,,,,,,,,,,,,,,,,,,,,,,
,,,,,,,,,,,,,,,,,,,,,,,,
,,,,,,,,,,,,,,,,,,,,,,,,
Cockpit,Cockpit,Manufacturer,,,Cargo,Crew Stations,Hull,Mass,,,Required Skill,Char Level,Vendors,Cost,,,,,,,Crew/Mass,Cargo/Mass,,
Cockpit,Armstrong 10 Cockpit,HopeTech,,,200,2,5,5,,,,,"Hope, LdgPad","3,850",,,,,,,0.40,40.0,,
Cockpit,Armstrong 10R Cockpit,HopeTech,,,220,2,5,6,,,,,"Hope, LdgPad","4,550",,,,,,,0.33,36.7,,
Cockpit,Armstrong 20 Cockpit,HopeTech,,,240,2,5,9,,,,,"Hope, LdgPad","5,750",,,,,,,0.22,26.7,,
Cockpit,Armstrong 20E Cockpit,HopeTech,,,280,2,5,15,,,,Level 9,"Hope, LdgPad","9,800",,,,,,,0.13,18.7,,
Cockpit,Armstrong 20R Cockpit,HopeTech,,,260,2,5,11,,,Ship Design 1,Level 16,"Hope, LdgPad","7,300",,,,,,,0.18,23.6,,
Cockpit,Cabot C3 Bridge,Nova Galactic,,,280,2,5,14,,,,,Nova,"9,600",,,,,,,0.14,20.0,,
Cockpit,Cabot C3X Bridge,Nova Galactic,,,300,2,5,17,,,Ship Design 1,Level 19,Nova,"12,800",,,,,,,0.12,17.6,,
Cockpit,Cabot C4 Bridge,Nova Galactic,,,320,2,5,19,,,Ship Design 2,Level 25,Nova,"17,000",,,,,,,0.11,16.8,,
Cockpit,Commander 500 Bridge,HopeTech,,,360,2,5,30,,,Ship Design 2,Level 40,Hope,"36,200",,,,,,,0.07,12.0,,
Cockpit,Daimyo Cockpit,Taiyo Astroneering,,,240,2,5,10,,,,Level 5,"Taiyo, LdgPad","5,900",,,,,,,0.20,24.0,,
Cockpit,Daimyo Enhanced Cockpit,Taiyo Astroneering,,,260,2,5,12,,,,Level 11,"Taiyo, LdgPad","7,450",,,,,,,0.17,21.7,,
Cockpit,DS10.1 Phobos Cockpit,Deimos,,,200,2,5,5,,,,,"Deimos, LdgPad","3,850",,,,,,,0.40,40.0,,
Cockpit,DS10.2 Phobos Cockpit,Deimos,,,220,2,5,6,,,,,"Deimos, LdgPad","4,550",,,,,,,0.33,36.7,,
Cockpit,DS20.1 Phobos Cockpit,Deimos,,,240,2,5,9,,,,,"Deimos, LdgPad","5,750",,,,,,,0.22,26.7,,
Cockpit,DS20.2 Phobos Cockpit,Deimos,,,260,2,5,11,,,,Level 10,"Deimos, LdgPad","7,300",,,,,,,0.18,23.6,,
Cockpit,DS20.3 Phobos Cockpit,Deimos,,,280,2,5,15,,,Ship Design 1,Level 16,"Deimos, LdgPad","9,800",,,,,,,0.13,18.7,,
Cockpit,DS30.1 Ares Bridge,Deimos,,,300,8,5,17,,,,,Deimos,"45,700",,,,,,,0.47,17.6,,
Cockpit,DS30.2 Ares Bridge,Deimos,,,320,8,5,22,,,Ship Design 2,Level 27,Deimos,"51,100",,,,,,,0.36,14.5,,
Cockpit,DS40.1 Ares Bridge,Deimos,,,340,8,5,25,,,Ship Design 3,Level 32,Deimos,"57,800",,,,,,,0.32,13.6,,
Cockpit,DS40.2 Ares Bridge,Deimos,,,360,8,5,30,,,Ship Design 3,Level 38,Deimos,"69,100",,,,,,,0.27,12.0,,
Cockpit,Viking CP-100 Cockpit,Stroud-Eklund,,,200,4,5,4,,,,,"Stroud, LdgPad","6,500",,,,,,,1.00,50.0,,
Cockpit,Viking CP-110 Cockpit,Stroud-Eklund,,,220,4,5,5,,,,Level 6,"Stroud, LdgPad","7,200",,,,,,,0.80,44.0,,
Cockpit,Viking CP-200 Cockpit,Stroud-Eklund,,,240,4,5,8,,,,Level 8,"Stroud, LdgPad","8,400",,,,,,,0.50,30.0,,
Cockpit,Viking CP-210 Cockpit,Stroud-Eklund,,,260,4,5,10,,,,Level 9,"Stroud, LdgPad","9,900",,,,,,,0.40,26.0,,
Cockpit,Viking CP-220 Cockpit,Stroud-Eklund,,,280,4,5,12,,,,Level 12,"Stroud, LdgPad","12,000",,,,,,,0.33,23.3,,
Cockpit,Magellan C1 Cockpit,Nova Galactic,,,200,2,5,6,,,,,"Nova, LdgPad","3,900",,,,,,,0.33,33.3,,
Cockpit,Magellan C1X Cockpit,Nova Galactic,,,220,2,5,7,,,,Level 5,"Nova, LdgPad","4,650",,,,,,,0.29,31.4,,
Cockpit,Magellan C2 Cockpit,Nova Galactic,,,240,2,5,10,,,,,"Nova, LdgPad","5,900",,,,,,,0.20,24.0,,
Cockpit,Magellan C2X Cockpit,Nova Galactic,,,260,2,5,12,,,,Level 8,"Nova, LdgPad","7,450",,,,,,,0.17,21.7,,
Cockpit,Overseer 300 Bridge,HopeTech,,,300,2,5,17,,,Ship Design 1,,Hope,"12,800",,,,,,,0.12,17.6,,
Cockpit,Overseer 300E Bridge,HopeTech,,,320,2,5,22,,,Ship Design 2,Level 28,Hope,"18,200",,,,,,,0.09,14.5,,
Cockpit,Overseer 400 Bridge,HopeTech,,,340,2,5,25,,,Ship Design 3,Level 33,Hope,"24,900",,,,,,,0.08,13.6,,
Cockpit,Samurai Cockpit,Taiyo Astroneering,,,200,2,5,6,,,,,"Taiyo, LdgPad","3,900",,,,,,,0.33,33.3,,
Cockpit,Samurai Enhanced Cockpit,Taiyo Astroneering,,,220,2,5,7,,,,,"Taiyo, LdgPad","4,650",,,,,,,0.29,31.4,,
Cockpit,Shogun Cockpit,Taiyo Astroneering,,,280,2,5,14,,,,Level 16,Taiyo,"9,600",,,,,,,0.14,20.0,,
Cockpit,Shogun Enhanced Cockpit,Taiyo Astroneering,,,300,2,5,17,,,Ship Design 2,Level 22,Taiyo,"12,800",,,,,,,0.12,17.6,,
Cockpit,Himeji Bridge,Taiyo Astroneering,,,320,2,5,19,,,Ship Design 1,Level 28,Taiyo,"17,000",,,,,,,0.11,16.8,,
Cockpit,Himeji Command Bridge,Taiyo Astroneering,,,340,2,5,25,,,Ship Design 3,Level 33,Taiyo,"24,900",,,,,,,0.08,13.6,,
Cockpit,Kon-Tiki B-300 Bridge,Stroud-Eklund,,,300,4,5,15,,,,,Stroud,"15,100",,,,,,,0.27,20.0,,
Cockpit,Kon-Tiki B-310 Bridge,Stroud-Eklund,,,320,4,5,17,,,Ship Design 2,Level 23,Stroud,"19,200",,,,,,,0.24,18.8,,
Cockpit,Kon-Tiki B-400 Bridge,Stroud-Eklund,,,340,4,5,23,,,Ship Design 2,Level 28,Stroud,"26,500",,,,,,,0.17,14.8,,
Cockpit,Kon-Tiki B-500 Bridge,Stroud-Eklund,,,360,6,5,28,,,Ship Design 3,Level 34,Stroud,"44,900",,,,,,,0.21,12.9,,
Cockpit,Kon-Tiki B-600 Bridge,Stroud-Eklund,,,380,6,5,35,,,Ship Design 4,Level 40,Stroud,"63,700",,,,,,,0.17,10.9,,
,,,,,,,,,,,,,,,,,,,,,,,,
,,,,,,,,,,,,,,,,,,,,,,,,
,,,,,,,,,,,,,,,,,,,,,,,,
,,,,,,,,,,,,,,,,,,,,,,,,
,,,,,,,,,,,,,,,,,,,,,,,,
,,,,,,,,,,,,,,,,,,,,,,,,
Hab Module,Hab Module,Manufacturer,,,Pax Slots,Crew Stations,Hull,Mass,,,Required Skill,Char Level,Vendors,Cost,,,,,,,,,,
Hab Module,Deimos Companionway 1x1,Deimos,,,0,0,5,5,,,,,"Deimos, LdgPad","1,050",,,,,,,,,,
Hab Module,Deimos Storeroom 1x1,Deimos,,,0,0,5,5,,,,,"Deimos, LdgPad","1,050",,,,,,,,,,
Hab Module,Deimos All-in-One Berth 2x1,Deimos,,,2,0,5,8,,,,,"Deimos, LdgPad","1,350",,,,,,,,,,
Hab Module,Deimos Armory 2x1,Deimos,,,0,0,5,8,,,,,"Deimos, LdgPad","1,350",,,,,,,,,,
Hab Module,Deimos Captain's Quarters 2x1,Deimos,,,0,0,5,8,,,,,"Deimos, LdgPad","1,350",,,,,,,,,,
Hab Module,Deimos Computer Core 2x1,Deimos,,,0,1,5,8,,,,,"Deimos, LdgPad","1,350",,,,,,,,,,
Hab Module,Deimos Control Station 2x1,Deimos,,,0,4,5,8,,,,,"Deimos, LdgPad","1,350",,,,,,,,,,
Hab Module,Deimos Infirmary 2x1,Deimos,,,0,0,5,8,,,,,"Deimos, LdgPad","1,350",,,,,,,,,,
Hab Module,Deimos Living Quarters 2x1,Deimos,,,2,0,5,8,,,,,"Deimos, LdgPad","1,350",,,,,,,,,,
Hab Module,Deimos Science Lab 2x1,Deimos,,,0,0,5,8,,,,,"Deimos, LdgPad","1,350",,,,,,,,,,
Hab Module,Deimos Workshop 2x1,Deimos,,,0,0,5,8,,,,,"Deimos, LdgPad","1,350",,,,,,,,,,
Hab Module,Deimos Battle Stations 2x2,Deimos,,,0,6,5,10,,,,,Deimos,"1,550",,,,,,,,,,
Hab Module,Deimos Brig 2x2,Deimos,,,0,0,5,10,,,,,Deimos,"1,550",,,,,,,,,,
Hab Module,Deimos Cargo Hall 2x2,Deimos,,,0,0,5,10,,,,,Deimos,"1,550",,,,,,,,,,
Hab Module,Deimos Computer Core 2x2,Deimos,,,0,2,5,10,,,,,Deimos,"1,550",,,,,,,,,,
Hab Module,Deimos Engineering Bay 2x2,Deimos,,,0,2,5,10,,,,,Deimos,"1,550",,,,,,,,,,
Hab Module,Deimos Living Quarters 2x2,Deimos,,,3,0,5,10,,,,,Deimos,"1,550",,,,,,,,,,
Hab Module,Deimos Cargo Hall 2x3/3x2,Deimos,,,0,0,5,12,,,,,Deimos,"1,800",,,,,,,,,,
Hab Module,Deimos Mess Hall 2x3/3x2,Deimos,,,3,0,5,12,,,,,Deimos,"1,800",,,,,,,,,,
Hab Module,Deimos All-in-One Berth 3x1,Deimos,,,2,0,5,10,,,,,"Deimos, LdgPad","1,550",,,,,,,,,,
Hab Module,Deimos Engineering Bay 3x1,Deimos,,,0,1,5,10,,,,,"Deimos, LdgPad","1,550",,,,,,,,,,
Hab Module,Deimos Living Quarters 3x1,Deimos,,,2,0,5,10,,,,,"Deimos, LdgPad","1,550",,,,,,,,,,
Hab Module,Deimos Cargo Hall 3x3,Deimos,,,0,0,5,14,,,,,Deimos,"1,850",,,,,,,,,,
Hab Module,HopeTech Companionway 1x1,HopeTech,,,0,0,5,5,,,,,"Hope, LdgPad","1,050",,,,,,,,,,
Hab Module,HopeTech Storeroom 1x1,HopeTech,,,0,0,5,5,,,,,"Hope, LdgPad","1,050",,,,,,,,,,
Hab Module,HopeTech All-in-One Berth 2x1,HopeTech,,,2,0,5,8,,,,,"Hope, LdgPad","1,350",,,,,,,,,,
Hab Module,HopeTech Armory 2x1,HopeTech,,,0,0,5,8,,,,,"Hope, LdgPad","1,350",,,,,,,,,,
Hab Module,HopeTech Captain's Quarters 2x1,HopeTech,,,0,0,5,8,,,,,"Hope, LdgPad","1,350",,,,,,,,,,
Hab Module,HopeTech Computer Core 2x1,HopeTech,,,0,1,5,8,,,,,"Hope, LdgPad","1,350",,,,,,,,,,
Hab Module,HopeTech Control Station 2x1,HopeTech,,,0,4,5,8,,,,,"Hope, LdgPad","1,350",,,,,,,,,,
Hab Module,HopeTech Infirmary 2x1,HopeTech,,,0,0,5,8,,,,,"Hope, LdgPad",1350,,,,,,,,,,
Hab Module,HopeTech Living Quarters 2x1,HopeTech,,,2,0,5,8,,,,,"Hope, LdgPad",1350,,,,,,,,,,
Hab Module,HopeTech Science Lab 2x1,HopeTech,,,0,0,5,8,,,,,"Hope, LdgPad",1350,,,,,,,,,,
Hab Module,HopeTech Workshop 2x1,HopeTech,,,0,0,5,8,,,,,"Hope, LdgPad",1350,,,,,,,,,,
Hab Module,HopeTech Battle Stations 2x2,HopeTech,,,0,6,5,10,,,,,Hope,1550,,,,,,,,,,
Hab Module,HopeTech Brig 2x2,HopeTech,,,0,0,5,10,,,,,Hope,1550,,,,,,,,,,
Hab Module,HopeTech Cargo Hall 2x2,HopeTech,,,0,0,5,10,,,,,Hope,1550,,,,,,,,,,
Hab Module,HopeTech Computer Core 2x2,HopeTech,,,0,2,5,10,,,,,Hope,1550,,,,,,,,,,
Hab Module,HopeTech Cargo Hall 2x3/3x2,HopeTech,,,0,0,5,12,,,,,Hope,1800,,,,,,,,,,
Hab Module,HopeTech Mess Hall 2x3/3x2,HopeTech,,,3,0,5,12,,,,,Hope,1800,,,,,,,,,,
Hab Module,HopeTech Engineering Bay 3x1,HopeTech,,,0,1,5,10,,,,,"Hope, LdgPad",1550,,,,,,,,,,
Hab Module,HopeTech Cargo Hall 3x3,HopeTech,,,0,0,5,14,,,,,Hope,1850,,,,,,,,,,
Hab Module,HopeTech Companionway Fuselage,HopeTech,,,0,0,5,5,,,,,Hope,"1,050",,,,,,,,,,
Hab Module,HopeTech Storeroom Fuselage,HopeTech,,,0,0,5,5,,,,,Hope,"1,050",,,,,,,,,,
Hab Module,HopeTech Hab Cross Brace,HopeTech,,,0,0,5,14,,,,,Hope,"1,300",,,,,,,,,,
Hab Module,HopeTech Hab Spine,HopeTech,,,0,0,5,14,,,,,Hope,"1,300",,,,,,,,,,
Hab Module,Nova Galactic Storeroom 1x1,Nova Galactic,,,0,0,5,5,,,,,"Nova, LdgPad","1,050",,,,,,,,,,
Hab Module,Nova Galactic Companionway 1x1,Nova Galactic,,,0,0,5,5,,,,,"Nova, LdgPad","1,050",,,,,,,,,,
Hab Module,Nova Galactic All-in-One Berth 2x1,Nova Galactic,,,2,0,5,8,,,,,"Nova, LdgPad","1,350",,,,,,,,,,
Hab Module,Nova Galactic Armory 2x1,Nova Galactic,,,2,0,5,8,,,,,"Nova, LdgPad","1,350",,,,,,,,,,
Hab Module,Nova Galactic Captain's Quarter's 2x1,Nova Galactic,,,0,0,5,8,,,,,"Nova, LdgPad","1,350",,,,,,,,,,
Hab Module,Nova Galactic Computer Core 2x1,Nova Galactic,,,0,1,5,8,,,,,"Nova, LdgPad","1,350",,,,,,,,,,
Hab Module,Nova Galactic Control Station 2x1,Nova Galactic,,,0,4,5,8,,,,,"Nova, LdgPad","1,350",,,,,,,,,,
Hab Module,Nova Galactic Infirmary 2x1,Nova Galactic,,,0,0,5,8,,,,,"Nova, LdgPad","1,350",,,,,,,,,,
Hab Module,Nova Galactic Living Quarters 2x1,Nova Galactic,,,2,0,5,8,,,,,"Nova, LdgPad","1,350",,,,,,,,,,
Hab Module,Nova Galactic Science Lab 2x1,Nova Galactic,,,2,0,5,8,,,,,"Nova, LdgPad","1,350",,,,,,,,,,
Hab Module,Nova Galactic Workshop 2x1,Nova Galactic,,,2,0,5,8,,,,,"Nova, LdgPad","1,350",,,,,,,,,,
Hab Module,Nova Galactic All-in-One Berth 2x2,Nova Galactic,,,3,0,5,10,,,,,Nova,"1,550",,,,,,,,,,
Hab Module,Nova Galactic Battle Stations 2x2,Nova Galactic,,,0,6,5,10,,,,,Nova,"1,550",,,,,,,,,,
Hab Module,Nova Galactic Brig 2x2,Nova Galactic,,,0,0,5,10,,,,,Nova,"1,550",,,,,,,,,,
Hab Module,Nova Galactic Cargo Hall 2x2,Nova Galactic,,,0,0,5,10,,,,,Nova,"1,550",,,,,,,,,,
Hab Module,Nova Galactic Living Quarters 2x2,Nova Galactic,,,3,0,5,10,,,,,Nova,"1,550",,,,,,,,,,
Hab Module,Nova Galactic Cargo Hall 2x3/3x2,Nova Galactic,,,0,0,5,12,,,,,Nova,"1,800",,,,,,,,,,
Hab Module,Nova Galactic Mess Hall 2x3,Nova Galactic,,,3,0,5,12,,,,,Nova,"1,800",,,,,,,,,,
Hab Module,Nova Galactic Engineering Bay 3x1,Nova Galactic,,,0,1,5,10,,,,,"Nova, LdgPad","1,550",,,,,,,,,,
Hab Module,Nova Galactic Cargo Hall 3x3,Nova Galactic,,,0,0,5,14,,,,,Nova,"1,850",,,,,,,,,,
Hab Module,Nova Cross Passage,Nova Galactic,,,0,0,0,4,,,,,Nova,"1,250",,,,,,,,,,
Hab Module,Stroud Storeroom 1x1,Stroud-Eklund,,,0,0,5,5,,,,,"Stroud, LdgPad","1,050",,,,,,,,,,
Hab Module,Stroud Companionway 1x1,Stroud-Eklund,,,0,0,5,5,,,,,"Stroud, LdgPad","1,050",,,,,,,,,,
Hab Module,Stroud All-in-One Berth 2x1,Stroud-Eklund,,,2,0,5,8,,,,,"Stroud, LdgPad","1,350",,,,,,,,,,
Hab Module,Stroud Armory 2x1,Stroud-Eklund,,,0,0,5,8,,,,,"Stroud, LdgPad","1,350",,,,,,,,,,
Hab Module,Stroud Captain's Quarters 2x1,Stroud-Eklund,,,0,0,5,8,,,,,"Stroud, LdgPad","1,350",,,,,,,,,,
Hab Module,Stroud Computer Core 2x1,Stroud-Eklund,,,0,1,5,8,,,,,"Stroud, LdgPad","1,350",,,,,,,,,,
Hab Module,Stroud Control Station 2x1,Stroud-Eklund,,,0,4,5,8,,,,,"Stroud, LdgPad","1,350",,,,,,,,,,
Hab Module,Stroud Infirmary 2x1,Stroud-Eklund,,,0,0,5,8,,,,,"Stroud, LdgPad","1,350",,,,,,,,,,
Hab Module,Stroud Living Quarters 2x1,Stroud-Eklund,,,2,0,5,8,,,,,"Stroud, LdgPad","1,350",,,,,,,,,,
Hab Module,Stroud Science Lab 2x1,Stroud-Eklund,,,0,0,5,8,,,,,"Stroud, LdgPad","1,350",,,,,,,,,,
Hab Module,Stroud Workshop 2x1,Stroud-Eklund,,,0,0,5,8,,,,,"Stroud, LdgPad","1,350",,,,,,,,,,
Hab Module,Stroud Battle Stations 2x2,Stroud-Eklund,,,0,6,5,10,,,,,Stroud,"1,550",,,,,,,,,,
Hab Module,Stroud Brig 2x2,Stroud-Eklund,,,0,0,5,10,,,,,Stroud,"1,550",,,,,,,,,,
Hab Module,Stroud Cargo Hall 2x2,Stroud-Eklund,,,0,0,5,10,,,,,Stroud,1550,,,,,,,,,,
Hab Module,Stroud Computer Core 2x2,Stroud-Eklund,,,0,2,5,10,,,,,Stroud,"1,550",,,,,,,,,,
Hab Module,Stroud Living Quarters 2x2,Stroud-Eklund,,,3,0,5,10,,,,,Stroud,"1,550",,,,,,,,,,
Hab Module,Stroud Cargo Hall 2x3/3x2,Stroud-Eklund,,,0,0,5,12,,,,,Stroud,"1,800",,,,,,,,,,
Hab Module,Stroud Mess Hall 2x3/3x2,Stroud-Eklund,,,3,0,5,12,,,,,Stroud,"1,800",,,,,,,,,,
Hab Module,Stroud All-in-One Berth 3x1,Stroud-Eklund,,,2,0,5,10,,,,,"Stroud, LdgPad","1,550",,,,,,,,,,
Hab Module,Stroud Engineering Bay 3x1,Stroud-Eklund,,,0,1,5,10,,,,,"Stroud, LdgPad","1,550",,,,,,,,,,
Hab Module,Taiyo Companionway 1x1,Taiyo Astroneering,,,0,0,5,5,,,,,"Taiyo, LdgPad",1050,,,,,,,,,,
Hab Module,Taiyo Storeroom 1x1,Taiyo Astroneering,,,0,0,5,5,,,,,"Taiyo, LdgPad",1050,,,,,,,,,,
Hab Module,Taiyo All-in-One Berth 2x1,Taiyo Astroneering,,,2,0,5,8,,,,,"Taiyo, LdgPad","1,350",,,,,,,,,,
Hab Module,Taiyo Armory 2x1,Taiyo Astroneering,,,0,0,5,8,,,,,"Taiyo, LdgPad","1,350",,,,,,,,,,
Hab Module,Taiyo Captains Quarters 2x1,Taiyo Astroneering,,,0,0,5,8,,,,,"Taiyo, LdgPad","1,350",,,,,,,,,,
Hab Module,Taiyo Computer Core 2x1,Taiyo Astroneering,,,0,1,5,8,,,,,"Taiyo, LdgPad","1,350",,,,,,,,,,
Hab Module,Taiyo Control Station 2x1,Taiyo Astroneering,,,0,4,5,8,,,,,"Taiyo, LdgPad","1,350",,,,,,,,,,
Hab Module,Taiyo Infirmary 2x1,Taiyo Astroneering,,,0,0,5,8,,,,,"Taiyo, LdgPad","1,350",,,,,,,,,,
Hab Module,Taiyo Living Quarters 2x1,Taiyo Astroneering,,,2,0,5,8,,,,,"Taiyo, LdgPad","1,350",,,,,,,,,,
Hab Module,Taiyo Science Lab 2x1,Taiyo Astroneering,,,0,0,5,8,,,,,"Taiyo, LdgPad","1,350",,,,,,,,,,
Hab Module,Taiyo Workshop 2x1,Taiyo Astroneering,,,0,0,5,8,,,,,"Taiyo, LdgPad","1,350",,,,,,,,,,
Hab Module,Taiyo All-in-One Berth 2x2,Taiyo Astroneering,,,3,0,5,10,,,,,Taiyo,"1,550",,,,,,,,,,
Hab Module,Taiyo Battle Stations 2x2,Taiyo Astroneering,,,0,6,5,10,,,,,Taiyo,"1,550",,,,,,,,,,
Hab Module,Taiyo Brig 2x2,Taiyo Astroneering,,,0,0,5,10,,,,,Taiyo,"1,550",,,,,,,,,,
Hab Module,Taiyo Cargo Hall 2x2,Taiyo Astroneering,,,0,0,5,10,,,,,Taiyo,"1,550",,,,,,,,,,
Hab Module,Taiyo Computer Core 2x2,Taiyo Astroneering,,,0,2,5,10,,,,,Taiyo,"1,550",,,,,,,,,,
Hab Module,Taiyo Engineering Bay 3x1,Taiyo Astroneering,,,0,1,5,10,,,,,"Taiyo, LdgPad","1,550",,,,,,,,,,
Hab Module,Taiyo Cargo Hall 3x2,Taiyo Astroneering,,,0,0,5,12,,,,,Taiyo,"1,800",,,,,,,,,,
Hab Module,Taiyo Mess Hall 3x2,Taiyo Astroneering,,,3,0,5,12,,,,,Taiyo,"1,800",,,,,,,,,,
,,,,,,,,,,,,,,,,,,,,,,,,
,,,,,,,,,,,,,,,,,,,,,,,,
,,,,,,,,,,,,,,,,,,,,,,,,
Landing Gear,Landing Gear,Manufacturer,,,Cost,Lander Thrust,Hull,Mass,,,Required Skill,Char Level,Vendors,Cost,,,,,,,Thrust/Mass,,,
Landing Gear,220CB Landing Gear,Deimos,,,650,1,2,3,,,,,"Deimos, LdgPad",650,,,,,,,0.33,,,
Landing Gear,320 CB Landing Gear,Deimos,,,850,3,4,6,,,,,Deimos,850,,,,,,,0.50,,,
Landing Gear,Accu-Lander 11 Landing Gear,Stroud-Eklund,,,650,2,1,2,,,,,"Stroud, LdgPad",650,,,,,,,1.00,,,
Landing Gear,Hope 5 Landing Gear,HopeTech,,,750,1,2,1,,,,,"Hope, LdgPad",750,,,,,,,1.00,,,
Landing Gear,Hope 55 Landing Gear,HopeTech,,,"1,500",4,3,3,,,Ship Design 1,Level 14,Hope,"1,500",,,,,,,1.33,,,
Landing Gear,Hope 6 Landing Gear,HopeTech,,,750,2,2,3,,,,,"Hope, LdgPad",750,,,,,,,0.67,,,
Landing Gear,NG-10 Landing Gear,Nova Galactic,,,750,1,2,2,,,,,"Nova, LdgPad",750,,,,,,,0.50,,,
Landing Gear,NG-15 Landing Gear,Nova Galactic,,,"1,750",2,4,4,,,,,Nova,"1,750",,,,,,,0.50,,,
Landing Gear,NG-20 Landing Gear,Nova Galactic,,,"1,750",4,4,4,,,Ship Design 2,Level 14,Nova,"1,750",,,,,,,1.00,,,
Landing Gear,Pinpoint 3G Landing Gear,Taiyo Astroneering,,,"1,300",1,3,1,,,,,"Taiyo, LdgPad","1,300",,,,,,,1.00,,,
Landing Gear,Pinpoint 4G Landing Gear,Taiyo Astroneering,,,"1,375",2,3,3,,,,,Taiyo,"1,375",,,,,,,0.67,,,
Landing Gear,Pinpoint 4G+ Landing Gear,Taiyo Astroneering,,,"1,375",2,3,3,,,,,Taiyo,"1,375",,,,,,,0.67,,,
,,,,,,,,,,,,,,,,,,,,,,,,
,,,,,,,,,,,,,,,,,,,,,,,,
,,,,,,,,,,,,,,,,,,,,,,,,
,,,,,,,,,,,,,,,,,,,,,,,,
,,,,,,,,,,,,,,,,,,,,,,,,
,,,,,,,,,,,,,,,,,,,,,,,,
,,,,,,,,,,,,,,,,,,,,,,,,
Docker,Docker,Manufacturer,,,,Cost,Hull,Mass,,,Required Skill,Char Level,Vendors,Cost,,,,,,,,,,
Docker,100DP Slim Docker - Top,Deimos,,,,"1,750",3,1,,,,,"Deimos, LdgPad","1,750",,,,,,,,,,
Docker,110DP Docker - Top,Deimos,,,,"1,750",3,1,,,,,"Deimos, LdgPad","1,750",,,,,,,,,,
Docker,Hope 11 Docker Fore/Port,HopeTech,,,,"1,000",1,2,,,,,"Hope, LdgPad","1,000",,,,,,,,,,
Docker,NG-2 Docker - Top,Nova Galactic,,,,"1,175",1,1,,,,,"Nova, LdgPad","1,175",,,,,,,,,,
Docker,Connect-Pro Docker Top/Port,Stroud-Eklund,,,,"1,075",2,2,,,,,"Stroud, LdgPad","1,075",,,,,,,,,,
Docker,Extender Port 200 Docker - Top,Taiyo Astroneering,,,,900,2,3,,,,,"Taiyo, LdgPad",900,,,,,,,,,,
,,,,,,,,,,,,,,,,,,,,,,,,
,,,,,,,,,,,,,,,,,,,,,,,,
,,,,,,,,,,,,,,,,,,,,,,,,
Landing Bay,Landing Bay,Manufacturer,,,,Cost,Hull,Mass,,,Required Skill,Char Level,Vendors,Cost,,,,,,,,,,
Landing Bay,120LD Landing Bay,Deimos,,,,850,2,3,,,,,"Deimos, LdgPad",850,,,,,,,,,,
Landing Bay,Hope 4 Landing Bay,HopeTech,,,,"1,000",1,1,,,,,"Hope, LdgPad","1,000",,,,,,,,,,
Landing Bay,NG-6 Landing Bay,Nova Galactic,,,,950,2,2,,,,,"Nova, LdgPad",950,,,,,,,,,,
Landing Bay,Stability Pro Landing Bay,Stroud-Eklund,,,,"1,000",1,2,,,,,"Stroud, LdgPad","1,000",,,,,,,,,,
Landing Bay,Ship Bed 200 Landing Bay,Taiyo Astroneering,,,,"1,700",3,1,,,,,"Taiyo, LdgPad","1,700",,,,,,,,,,
,,,,,,,,,,,,,,,,,,,,,,,,
,,,,,,,,,,,,,,,,,,,,,,,,
,,,,,,,,,,,,,,,,,,,,,,,,
,,,,,,,,,,,,,,,,,,,,,,,,
Equipment,Equipment,Manufacturer,,,Cost,Scan Evade Bonus,Hull,Mass,,,Required Skill,Char Level,Vendors,Cost,,,,,,,,,,
Equipment,Scan Jammer - Single-Frequency,Crimson Fleet,,,"3,000",10%,3,5,,,,,"The Key, Red Mile","3,000",,,,,,,,,,
Equipment,Scan Jammer - Dual-Frequency,Crimson Fleet,,,"5,000",30%,4,6,,,Ship Design 1,,"The Key, Red Mile","5,000",,,,,,,,,,
Equipment,Scan Jammer - Multi-Frequency,Crimson Fleet,,,"10,000",50%,5,7,,,Ship Design 2,,"The Key, Red Mile","10,000",,,,,,,,,,
